UTC,x,y,z,xv,yv,zv,accx,accy,accz,nc_accx,nc_accy,nc_accz,Computed Density,
2024-08-16 13:23:42,827297.8167619751,-350205.6460933327,-6836147.072156612,-4272.523804935111,-6272.406048641099,-195.84211924206616,,,,-2.110190580051352e-07,-1.4729058733786715e-07,1.1157389501192938e-07,1.731009735391391e-12,
2024-08-16 13:29:42,-734943.7409013597,-2522635.921792833,-6374498.621295749,-4292.893826553405,-5638.429364300917,2727.34597196216,,,,2.63555171020613e-08,1.499663593307332e-08,-1.0546653683718432e-07,-4.651847491626526e-13,
2024-08-16 13:35:42,-2183296.38023162,-4304269.466759533,-4922929.277606781,-3647.5984711432297,-4128.929916361356,5231.911655924329,,,,-7.012443603571228e-08,-2.2171146429883493e-07,-1.1205107863787589e-07,5.596744231546643e-13,
2024-08-16 13:41:42,-3292544.5968659287,-5417445.917631716,-2705022.6388063133,-2433.1185217907228,-1972.8239991770524,6928.01351939309,,,,-2.3809346405556653e-07,-5.188446587922613e-07,9.213517104811331e-08,2.1366077911125555e-12,
2024-08-16 13:47:42,-3888957.9963845513,-5686856.469925759,-64881.047234227735,-835.9529371263528,496.7840779425603,7545.499631318278,,,,-2.973126616012678e-07,-6.008824060543816e-07,4.708676636655529e-07,3.332691104084448e-12,
2024-08-16 13:53:42,-3878400.6592354183,-5068681.559234777,2585305.2914755847,894.0202336395649,2892.3806256712082,6982.501650244555,,,,-1.1685869250044334e-07,-2.9522395728065476e-07,7.530715682158018e-07,4.088026652456395e-12,
2024-08-16 13:59:42,-3262126.8407093897,-3658862.633996293,4830624.9222295005,2484.24896715588,4836.151822882031,5326.327545225262,,,,1.8094476672558812e-07,2.0734175443237746e-07,7.569913256233463e-07,5.216194948225922e-12,
2024-08-16 14:05:42,-2136696.5202874313,-1677910.9480030634,6319967.715128221,3685.338222732174,6023.559629838693,2838.693774410296,,,,3.510213075763602e-07,4.0867652328913096e-07,1.42240076606015e-07,3.959534943990147e-12,
2024-08-16 14:11:42,-678105.275707697,564719.6427572281,6821236.480098678,4310.964129401723,6271.067065941446,-90.47868858233377,,,,1.5660417207463695e-07,1.72662522612832e-07,-2.0388239363455796e-07,1.6925167756576063e-12,
2024-08-16 14:17:42,886143.854951667,2719339.958828452,6256524.231674142,4264.642305763973,5541.0208860378025,-3005.5519334167584,,,,5.278757853055538e-08,1.7195311086126708e-07,-1.935515534512433e-07,1.6758680455681911e-12,
2024-08-16 14:23:42,2312180.686660028,4449894.926449478,4713620.270462392,3552.995649366569,3945.876156685248,-5453.098907150826,,,,2.6468560676562447e-10,2.669311340852687e-07,1.5715312606801035e-07,1.8475739196201947e-13,
2024-08-16 14:29:42,3377271.7910251343,5485832.74415488,2433001.7109237434,2285.8088902525856,1732.9904265338982,-7049.215121281157,,,,8.677081186903024e-08,5.740867567993746e-07,4.0278075097432975e-08,8.57806566223265e-13,
2024-08-16 14:35:42,3914893.4929182725,5664981.143973664,-228656.56857885097,661.6838998074068,-750.5885479880077,-7541.673804686488,,,,8.063389067558546e-09,5.269586997869169e-07,-2.9661168343686484e-07,1.750157142770425e-12,
2024-08-16 14:41:42,3841542.1441031527,4959995.383701978,-2854651.3327742983,-1063.1303258335558,-3113.3608787067183,-6854.337336300619,,,,-1.4013738258711328e-07,3.3013498157430377e-07,-4.22775171760037e-07,1.9207309446908997e-12,
2024-08-16 14:47:42,3169981.5681281923,3482579.4381678067,-5035100.345245133,-2617.8205893205336,-4985.465367846583,-5100.308522119551,,,,-2.870654114417448e-07,4.6938639641780355e-08,-3.8942116731277565e-07,2.3924790191923675e-12,
2024-08-16 14:53:42,2006235.6695014448,1464377.0548666746,-6431879.724584334,-3762.0782500330133,-6079.135749520959,-2558.5835763759414,,,,-2.663649625311848e-07,-1.3103972240635642e-07,-1.0064274391652361e-07,1.9714745738618682e-12,
2024-08-16 14:59:42,531754.3162256099,-780690.1275735609,-6829957.2244560905,-4322.10927739969,-6230.058392921869,375.68920746778707,,,,-2.238400981235955e-07,-1.3372463081307018e-07,8.610088642058145e-08,1.7591319960389666e-12,
2024-08-16 15:05:42,-1025005.4289962787,-2904949.666707273,-6168306.031230387,-4213.192161728091,-5416.545086858281,3252.512330253392,,,,4.523400187750326e-08,-6.951782305364418e-08,6.814445097091948e-08,3.905104255427596e-13,
2024-08-16 15:11:42,-2422870.095911715,-4579020.034673191,-4548403.207283637,-3450.361664026104,-3760.8943056341195,5629.5864837912595,,,,-3.799176306884533e-08,-3.589624162358973e-07,-1.053920692939414e-07,8.488361358001815e-13,
2024-08-16 15:17:42,-3444206.6779389125,-5541566.084419408,-2220075.8730044253,-2148.3135611203184,-1514.9819709341018,7135.467398223678,,,,-3.9198488011038535e-08,-5.698868683623459e-07,3.1334576178210227e-07,3.0314410221671573e-12,
2024-08-16 15:23:42,-3928813.9910812643,-5640580.725349627,454949.03603132156,-507.84889024505105,973.0041573269964,7529.099769414418,,,,-1.2350045253128883e-07,-5.390442945341078e-07,5.772601614495443e-07,3.693315120279523e-12,
2024-08-16 15:29:42,-3800051.3738487717,-4858979.476755038,3058673.636838152,1213.838424426497,3311.9411070437222,6744.177650411983,,,,1.2844277108570168e-07,-1.2686806183381805e-07,8.253598333674006e-07,5.038021227796182e-12,
2024-08-16 15:35:42,-3077790.9708694266,-3318472.177020783,5183403.611497912,2745.436194008162,5133.023081456358,4903.675398901215,,,,4.808264328914902e-07,4.0167462955764677e-07,3.766905960489453e-07,4.9706388558529584e-12,
2024-08-16 15:41:42,-1875205.5537007637,-1260030.5594219975,6497049.791109593,3847.1692741982306,6151.571956706821,2298.197968348974,,,,4.066654000212111e-07,2.6813558995364417e-07,1.79062800143015e-08,3.099148710190144e-12,
2024-08-16 15:47:42,-380262.745682983,994904.6113207188,6795013.767492445,4348.45150767589,6210.522477291231,-664.5862576819186,,,,1.4344655385745142e-07,1.7103179650312939e-07,-6.378402694906526e-08,1.6466742133521803e-12,
2024-08-16 15:53:42,1173925.5809838942,3094753.542382205,6031004.27199796,4171.959156934926,5301.228830918516,-3524.0979846372543,,,,1.23726731970919e-07,3.850035561470122e-07,4.914263929123308e-08,2.267233202134522e-12,
2024-08-16 15:59:42,2544986.000769175,4711874.640422393,4323826.086714616,3344.2526708826167,3563.753656322053,-5835.01358813541,,,,-1.04362509745215e-08,2.9509256105342274e-07,7.817191693959558e-08,5.301138821025308e-13,
2024-08-16 16:05:42,3518684.0487911873,5593314.987291571,1939779.2633418534,1993.542864907779,1268.195529071665,-7234.18768469336,,,,-3.005577031700568e-08,4.748763613449114e-07,-6.120330420245068e-08,9.31356195474836e-13,
2024-08-16 16:11:42,3942819.9050945025,5601149.176647651,-748097.4365579898,331.91217784572376,-1224.8047000132412,-7500.454673276257,,,,-6.433468513478147e-08,4.85109032055675e-07,-2.9267383172548733e-07,1.4976488835153362e-12,
2024-08-16 16:17:42,3751802.1127659027,4735055.553996481,-3319070.888746353,-1378.364648775017,-3522.3307104562127,-6594.144609433168,,,,-2.2584960301941237e-07,2.0490370200576535e-07,-4.035482339403984e-07,2.1434974681832123e-12,
2024-08-16 16:23:42,2976862.4575105,3131939.779386176,-5372262.373221611,-2869.4157885000136,-5265.759699296278,-4663.038318521537,,,,-3.260574326091614e-07,-7.122448097973688e-08,-2.2261080445673542e-07,2.2464434973850836e-12,
2024-08-16 16:29:42,1739981.06183969,1042748.2037740481,-6589750.6805873765,-3911.596213288762,-6188.250859847955,-2012.884392143187,,,,-2.7283827419566364e-07,-1.9311396437515782e-07,7.50457482823208e-08,2.02516672559582e-12,
2024-08-16 16:35:42,233693.5058536139,-1207954.0655719298,-6784338.211162856,-4347.034396813241,-6151.881422959571,945.855457944061,,,,-4.1453495136511975e-08,1.2637474577914531e-07,2.651734405390016e-07,-3.325148623426606e-13,
2024-08-16 16:41:42,-1308729.483092787,-3271704.226827245,-5926192.428042799,-4109.589787211695,-5162.825677915248,3759.7718361569678,,,,6.006589892137981e-08,9.678902124221622e-10,1.354620282612018e-07,2.4635529887654124e-13,
2024-08-16 16:47:42,-2648193.0476021343,-4828221.194321506,-4147039.0084173223,-3233.6483053045854,-3369.9451183522046,5995.316817850527,,,,6.342160663308505e-08,-2.834361580994482e-07,-1.6013116166391228e-08,6.248549445472903e-13,
2024-08-16 16:53:42,-3575889.7997383107,-5634082.427950766,-1721627.4052151376,-1851.6051984995147,-1046.8856135355259,7301.743938330824,,,,-1.279623331740254e-07,-5.277826202743086e-07,3.900349958563254e-07,3.461877757820171e-12,
2024-08-16 16:59:42,-3946087.2053516963,-5561588.765805734,972745.481817115,-177.39888783239172,1445.0197890536465,7468.729460349146,,,,-2.6579995093811704e-08,-3.21622096066676e-07,5.495608601524538e-07,3.463171869294889e-12,
2024-08-16 17:05:42,-3700095.9706189083,-4620636.094015551,3514747.423420572,1525.9619161904334,3713.384420066523,6466.218627538695,,,,3.3354040152033804e-07,1.5564347677354817e-07,6.448301927974853e-07,4.99205045350714e-12,
2024-08-16 17:11:42,-2876252.573654903,-2958045.3067258988,5506375.719930648,2990.1975315864456,5400.858646910863,4452.071028726632,,,,4.0035081427802766e-07,3.101584344911146e-07,3.9866142831357365e-07,4.41998371299564e-12,
2024-08-16 17:17:42,-1603607.3824639684,-833847.7396390481,6636522.49071598,3986.537239365835,6244.281998351291,1743.8359168820516,,,,5.016691857484545e-07,1.337272017565283e-07,-1.6780078126998887e-07,2.4203353934852228e-12,
2024-08-16 17:23:42,-80969.94771013141,1420367.8595612175,6729259.61636971,4360.938384340468,6113.885815873768,-1235.3867829697112,,,,9.266802422636111e-08,1.2538222526892184e-07,-2.685527249468578e-07,1.4317774400478343e-12,
2024-08-16 17:29:42,1454264.5836429852,3453150.8880962115,5770186.839807998,4055.500135951221,5030.105721421691,-4022.694272186879,,,,9.821899582540539e-08,2.317759975056788e-07,-2.0392809041425153e-07,2.268790737422017e-12,
2024-08-16 17:35:42,2762581.2922176523,4947175.808400229,3908505.0282830144,3116.7032305050434,3160.0037680278783,-6183.321376939233,,,,-4.596697689152052e-08,1.9301262721427292e-07,-4.832825872824742e-08,7.260599199192528e-13,
2024-08-16 17:41:42,3639470.7413172466,5668631.319647917,1434832.1072158848,1690.4244219969687,794.9832644543665,-7377.103845262376,,,,-9.187820992906381e-08,2.2723770687349543e-07,-1.832325720041439e-07,1.3060290821559971e-12,
2024-08-16 17:47:42,3947948.1477155876,5504748.855101172,-1263603.7366057807,1.0911035934875954,-1692.8254026566312,-7415.509481860179,,,,-5.29347907729516e-08,2.384255948228997e-07,-3.4079621835658713e-07,2.016603202763747e-12,
2024-08-16 17:53:42,3640680.412844575,4482260.262353086,-3764576.1620547376,-1684.8169617247509,-3911.6883042625286,-6295.54844786236,,,,-3.4193559628192816e-07,-7.45466852691834e-08,-3.490337254774545e-07,2.922804309568346e-12,
2024-08-16 17:59:42,2767086.600564711,2762465.1985276886,-5678555.1421243055,-3103.90869872658,-5516.249190356791,-4198.60788049941,,,,-2.697524861261513e-07,-1.4827761996016875e-07,3.2742580202693716e-08,1.4530472530055327e-12,
2024-08-16 18:05:42,1464328.693593337,614149.2877432996,-6709623.54131533,-4038.4191750124673,-6262.100347543319,-1455.1989661287419,,,,-2.0478341955509904e-07,-8.092322778541217e-08,3.197464462090238e-07,8.334843342564797e-13,
2024-08-16 18:11:42,-65091.93179973146,-1629293.2438806333,-6699418.887382562,-4347.071033929218,-6038.219124118222,1511.1706426697374,,,,-2.23520997544302e-09,-5.153783555478242e-08,2.815669724043346e-07,7.160367786402326e-13,
2024-08-16 18:17:42,-1584385.3934379057,-3620520.571904182,-5649500.145448177,-3982.651628795931,-4878.702232564192,4245.962596551251,,,,6.476334157845542e-08,2.5359159216975513e-08,3.0357303870687247e-07,8.678274276714035e-13,
2024-08-16 18:23:42,-2857870.3139425423,-5050175.330172524,-3721185.3544539455,-2998.730840654095,-2958.388966004806,6326.759017663618,,,,3.6631946365162094e-09,-7.69500356767594e-08,8.770047710271456e-08,7.357114034662945e-13,
2024-08-16 18:29:42,-3686747.903992695,-5694242.17480227,-1212670.3972652373,-1544.7342272106546,-571.4453231530147,7425.65848392394,,,,-2.6979784912839477e-06,1.518664642041756e-06,2.5619798214027156e-05,1.8393210285420356e-10,
2024-08-16 18:35:42,-3940607.5921212747,-5450225.239994281,1485354.1517876242,153.44218885560838,1909.763332103595,7364.694718853445,,,,3.364251988102751e-08,4.405709574939465e-08,5.879276612219542e-07,4.195504346329113e-12,
2024-08-16 18:41:42,-3579048.2455992233,-4355034.426371453,3950740.3754542945,1828.5979462242742,4094.0900710173037,6150.316011637662,,,,3.757183772989947e-07,4.487092954974514e-07,3.743745704554158e-07,4.581638779903458e-12,
2024-08-16 18:47:42,-2658604.087802649,-2579768.6988436133,5797565.632388682,3217.1495953252065,5637.882179455395,3974.257061825925,,,,2.752880106093869e-07,2.1055897869715068e-07,7.645539934486578e-08,2.2601458843250254e-12,
2024-08-16 18:53:42,-1323393.7778052413,-402010.7189390934,6737529.228639379,4102.631856255681,6300.953025636346,1179.0468922039581,,,,5.550562420797434e-07,5.392396164594082e-07,-5.3022591117724e-07,4.808573299583369e-12,
2024-08-16 18:59:42,218111.2189247657,1838418.7088808566,6624397.321422852,4348.285637040777,5981.640084459255,-1799.2974243549934,,,,1.2462456394635169e-07,8.994701738984645e-08,-3.98843280180472e-07,1.7133062632055362e-12,
2024-08-16 19:05:42,1725585.5692816614,3792217.7147700703,5475751.431450718,3915.921794343345,4729.26674550086,-4498.03872191702,,,,-3.312253942233667e-07,-1.9194329414773392e-07,-2.710738158384629e-07,-9.338022737027328e-13,
2024-08-16 19:11:42,2963765.298578986,5154248.330699098,3470393.5075324383,2871.7612971680924,2737.219987906868,-6495.518659364346,,,,-8.67187415209969e-08,1.0078839718374866e-07,-1.1948479539114487e-07,7.626708062938025e-13,
2024-08-16 19:17:42,3739065.6366489986,5711294.097137764,921576.5205073024,1378.51599504067,316.57076763442296,-7476.786336042205,,,,-7.097586607329731e-08,2.2796692000781604e-07,-2.0229803254778744e-07,1.4101899040859608e-12,
2024-08-16 19:23:42,3930500.6493903673,5376472.915456328,-1771624.9600502506,-328.5479496546591,-2151.394682744087,-7287.249004814634,,,,-2.1010501782825486e-07,2.4269416787348064e-07,-2.2147880329725922e-07,1.103035260908589e-12,
2024-08-16 19:29:42,3509190.0382088968,4203438.144241756,-4188047.3419195125,-1980.3702440766158,-4278.477455490934,-5960.560907244618,,,,-2.2673649979765287e-07,-1.6288881887760454e-07,-2.5261454794645033e-07,2.53064360298648e-12,
2024-08-16 19:35:42,2542349.211686232,2376891.5716908816,-5951846.842179202,-3319.7007972418733,-5734.931008325173,-3710.38860003122,,,,-3.602877178821018e-07,-2.299683190543078e-07,1.2404628702000764e-07,1.96837222309435e-12,
2024-08-16 19:41:42,1181410.2785684406,181822.30480813538,-6790734.875508951,-4141.740660096372,-6299.924066499974,-889.6647904592152,,,,-1.8310384808373215e-07,-4.268682232688725e-08,3.2119048576362275e-07,7.118079745590452e-13,
2024-08-16 19:47:42,-362344.18774776,-2041438.945502676,-6575976.2414741535,-4322.355056671157,-5889.711996606574,2067.3178506742947,,,,1.4895678540627344e-07,2.1634899871614266e-07,3.473320049351969e-07,-1.1513483666484453e-12,
2024-08-16 19:53:42,-1849935.5506852353,-3948613.8498468427,-5340483.36296541,-3833.444364519497,-4566.1945252151745,4707.306785681598,,,,1.1768739494044667e-07,1.0984478215902982e-08,1.6068888619713562e-07,2.436077963007315e-13,
2024-08-16 19:59:42,-3050391.7953434666,-5243036.886082826,-3274260.974548017,-2747.4438543461524,-2529.35150119615,6621.310218822411,,,,-2.5743029929969907e-09,-1.3501407902793972e-07,1.9530493533537197e-07,1.564464607329532e-12,
2024-08-16 20:05:42,-3776044.527196313,-5721446.278786911,-697271.6241544337,-1230.1066961744493,-92.34332663835815,7506.271893814931,,,,5.79778358655858e-08,-7.598531581720636e-08,4.553570773779825e-07,3.1863248570686352e-12,
2024-08-16 20:11:42,-3912546.6736412677,-5307226.289284045,1988673.6292797436,482.0968236673211,2363.584704458517,7217.792060214598,,,,1.96537422780807e-07,1.8385528655073813e-07,5.140048764395999e-07,4.02289601782183e-12,
2024-08-16 20:17:42,-3437963.5598505726,-4064122.3573467326,4363159.7468961775,2119.494556036386,4451.0739961852,5798.984617046209,,,,3.51499226169949e-07,3.1282852308578413e-07,3.994230040049729e-07,4.230315796325967e-12,
2024-08-16 20:23:42,-2426588.6285656802,-2186475.793373235,6054625.611077751,3424.7720627070717,5842.20956807425,3473.9900107923063,,,,3.1863499661000105e-07,4.710785748152091e-07,4.658411967284337e-08,3.8102016328891206e-12,
2024-08-16 20:29:42,-1036697.5240445138,32225.204620176464,6799205.8388104895,4194.829296269838,6321.162848290063,608.1630593411021,,,,2.9464067163864627e-07,2.814741699996848e-07,-4.3387101378300486e-07,2.6204239281978165e-12,
2024-08-16 20:35:42,514791.2751674601,2245902.973927536,6481110.146926274,4310.811117282286,5814.738636634261,-2352.1424752004027,,,,3.896974054562463e-08,5.319664753145048e-08,-4.12734500798706e-07,1.3806549591903112e-12,
2024-08-16 20:41:42,1985980.4680512047,4109374.6581341475,5149759.23551343,3754.4230484221835,4400.89653502701,-4946.786641473655,,,,-2.9991692596098574e-07,2.190756820397155e-08,-4.04687602539866e-07,9.278160078122573e-13,
2024-08-16 20:47:42,3147179.6692543994,5331452.17900184,3012518.752968585,2611.228805068573,2298.351495794975,-6769.644046443193,,,,-4.642884849914708e-07,-2.0162953084934543e-08,1.9674388651580443e-07,-2.4578012950511967e-12,
2024-08-16 20:53:42,3816805.941274956,5720785.717004066,403457.20343077666,1059.8132374676647,-163.84333196930234,-7532.878728376048,,,,-1.4568785644542004e-07,1.0870470301682644e-07,-1.9781640653304677e-07,1.251253806598201e-12,
2024-08-16 20:59:42,3890520.337896361,5216928.916256739,-2268862.649303452,-655.1049494032346,-2597.5375713627823,-7116.83574642371,,,,-1.1006599365259717e-07,-4.366284045431712e-08,-3.043686938042356e-07,2.237562296449522e-12,
2024-08-16 21:05:42,3357994.234103971,3900120.8987587043,-4586846.882642373,-2263.544570405055,-4620.626592849577,-5591.574830647273,,,,-3.1486944962466623e-07,-2.735554058830303e-07,-8.685176489109381e-08,2.3523542970772415e-12,
2024-08-16 21:11:42,2303738.8130865134,1977299.6255040732,-6190471.729313928,-3515.8978887433245,-5920.811255578382,-3201.304748852941,,,,-2.8828505449496333e-07,-3.071195040504904e-07,1.5421101018375794e-07,2.241196122755473e-12,
2024-08-16 21:17:42,892529.5806018624,-251980.64762139856,-6832498.498880791,-4221.2672369704405,-6301.720691989496,-319.2891164925846,,,,-1.1113838516152441e-07,-2.6271146758016783e-08,4.403401288044506e-07,4.743611999619476e-13,
2024-08-16 21:23:42,-656763.518953729,-2442304.50253556,-6414476.305125644,-4273.184487654466,-5707.260895849471,2611.5432645784804,,,,7.5534960397583e-08,2.1310943099095425e-07,5.160116742786158e-07,-1.8407262868481618e-13,
2024-08-16 21:29:42,-2104274.6780960243,-4254353.322456307,-5000504.1582494,-3662.742355407378,-4226.910439289908,5141.593468062766,,,,-1.6354291254572217e-08,-7.442151517267348e-08,1.3706529866652772e-07,1.031395432675509e-12,
2024-08-16 21:35:42,-3225021.242172997,-5405857.877858636,-2808297.1167716193,-2481.046820283815,-2084.983015205763,6877.520858312164,,,,5.285752591177584e-08,2.445571745113284e-09,1.1422085988144204e-07,6.179106525448826e-13,
2024-08-16 21:41:42,-3843549.06925235,-5715573.833117425,-177805.92289310577,-909.242075886089,388.0256102580592,7543.142483518583,,,,-2.925438913337075e-08,4.929275743137396e-08,3.306519917034567e-07,2.4121623404816176e-12,
2024-08-16 21:47:42,-3862249.1191188833,-5133324.246383932,2480392.209524185,806.937401415532,2804.215301668727,7028.7877313928375,,,,2.5503017564432184e-07,3.492955933381836e-07,3.87263113132974e-07,3.706486019653879e-12,
2024-08-16 21:53:42,-3277759.937081665,-3749379.1577545414,4750153.406664956,2397.1201107024285,4782.49971196742,5414.009524491229,,,,3.6401762226745404e-07,5.094630832758185e-07,1.8709247839865384e-07,4.104753948165523e-12,
2024-08-16 21:59:42,-2181629.3544486267,-1780175.2255112957,6276507.587332753,3611.8357413556,6012.789687380449,2953.901893361326,,,,1.9041204168956938e-07,5.049437632465015e-07,-1.3061680448345214e-07,3.1760828017283187e-12,
2024-08-16 22:05:42,-745282.3294236774,466642.7686855134,6821540.173239784,4262.501580006941,6304.790548913687,34.23674872469065,,,,2.173115856152208e-07,1.2926074643981877e-07,-5.024271185760654e-07,1.6425190030274245e-12,
2024-08-16 22:11:42,807218.5259128441,2640730.583819559,6300511.239268136,4248.6770213319905,5614.033327143404,-2890.7976305916372,,,,1.2008038874355975e-07,-8.550692953690486e-08,-6.504230816162249e-07,1.8222882353214814e-12,
2024-08-16 22:17:42,2233800.820117386,4403019.228030358,4794388.776388332,3571.966435980315,4046.8424272125244,-5366.215399390702,,,,-1.1167603020112438e-07,-2.5443441842298853e-07,-3.098732230810697e-07,2.2666969301603398e-13,
2024-08-16 22:23:42,3311650.6010364657,5478014.59407039,2537893.2144575436,2336.7665702156696,1846.123242327453,-7003.873095801102,,,,-6.026030963113271e-08,7.444154803692982e-08,-6.97267972249449e-08,4.603135594667191e-13,
2024-08-16 22:29:42,3872225.579687475,5697410.914584708,-116097.42466557873,736.5319811615321,-643.1075512470397,-7544.954937523271,,,,6.502975846700565e-08,6.91369512750839e-08,-1.2840096852428928e-07,9.224508511388781e-13,
2024-08-16 22:35:42,3828395.3417495107,5027533.864674223,-2752026.31350895,-976.1323701053021,-3028.3540398375308,-6905.478256412203,,,,-1.2615101940838258e-07,-1.6688214188320671e-07,-2.8497415449635355e-07,2.4724966518783485e-12,
2024-08-16 22:41:42,3188322.6248002634,3574626.0945629934,-4958376.033386864,-2532.1790493168023,-4936.093440027652,-5191.126919102496,,,,-2.2499449059409926e-07,-3.631403453496773e-07,4.898931482699709e-08,2.0153714547616258e-12,
2024-08-16 22:47:42,2053160.5953697036,1566560.5687049162,-6392916.755648798,-3690.9769364988792,-6072.891619066678,-2674.779155016723,,,,-2.485059580337179e-07,-3.4745148780324087e-07,4.811212725996938e-07,1.669141526517648e-12,
2024-08-16 22:53:42,599984.522764152,-684234.4150141084,-6834725.986743452,-4276.364081645238,-6267.674914818072,252.06137165365467,,,,-1.0931558225291127e-07,-1.287413824435646e-07,4.436538816321445e-07,1.3304495662022254e-12,
2024-08-16 22:59:42,-945999.3388821608,-2829157.1157212756,-6216096.79704299,-4199.892052703353,-5492.2648549445275,3140.2297922480216,,,,6.850093536847623e-08,2.650846644414173e-07,6.261771412496842e-07,2.1264787101501486e-13,
2024-08-16 23:05:42,-2345339.01942698,-4535699.251213924,-4631920.405068221,-3471.798207529963,-3863.2587814931517,5546.016364868339,,,,-4.3493798340676904e-08,1.9072795520713726e-07,2.2759998419275007e-07,6.451958000833588e-13,
2024-08-16 23:11:42,-3380257.682118164,-5537581.763320264,-2326428.292093573,-2201.353646540631,-1628.2781808888617,7093.917428695288,,,,-1.852500863819273e-07,2.2129585453001255e-07,2.0459375260628576e-07,1.4253725208497754e-12,
2024-08-16 23:17:42,-3888470.9898027107,-5676686.693196986,342337.81456601195,-584.2102518551918,866.5508142443587,7536.365725908457,,,,-1.6286721482572375e-07,6.186391665607971e-08,3.9593819078920234e-07,2.975163268310981e-12,
2024-08-16 23:23:42,-3789644.876522895,-4929615.648789017,2957422.6439063963,1126.087227156216,3229.1168999636034,6799.194992157709,,,,-5.149733972587001e-09,3.80612952710635e-07,5.458288061532812e-07,4.684479066159542e-12,
2024-08-16 23:29:42,-3098967.232719214,-3412640.433739611,5109367.917353634,2660.0617597280725,5086.846429573395,4997.847804787562,,,,2.7004155800369745e-07,5.07548143069414e-07,1.2209978361710228e-07,3.715214977803848e-12,
2024-08-16 23:35:42,-1924657.6647431268,-1363045.793910718,6461820.93239874,3777.530949721519,6149.237126241359,2416.7735258951802,,,,3.583446082089381e-07,4.76099272006536e-07,-2.8249208039454743e-07,3.4245740823636343e-12,
2024-08-16 23:41:42,-450266.62867798784,899099.3069918521,6804124.363598092,4305.414662122056,6252.392149303548,-540.0870828989869,,,,1.8322695205519324e-07,1.4867567021958905e-07,-4.491849505683376e-07,1.8688454809186185e-12,
2024-08-16 23:47:42,1094286.5084661536,3021104.6938079027,6083076.44186586,4162.168997832548,5380.84457771281,-3413.0462495788047,,,,8.764556014284608e-08,-8.849484256501228e-09,-2.951415982721528e-07,1.2623707728788246e-12,
2024-08-16 23:53:42,2468132.1335555897,4671921.397325917,4410804.79055087,3369.3323300620027,3668.884342645053,-5754.7325595580205,,,,3.1563167901538236e-07,2.2725961557057417e-07,-6.482275995978171e-07,5.348877759010597e-12,
2024-08-16 23:59:42,3456637.283717591,5593381.803302012,2048119.2330069125,2049.635483488563,1382.4599281153735,-7197.381856516297,,,,-5.070309150312369e-07,-3.9440909560539694e-07,1.1001071094085546e-06,-9.017693911069769e-12,
2024-08-17 00:05:42,3905289.932844927,5641313.565277907,-635327.8585855968,410.211620847311,-1119.261259803834,-7512.994111009619,,,,1.7884653402688855e-07,-8.218055569386706e-08,-3.0433997288970005e-07,2.3290184286509163e-12,
2024-08-17 00:11:42,3744649.89169525,4809107.043577441,-3219523.611618229,-1290.1407483569803,-3442.125437488307,-6654.068620260446,,,,-5.403123282121669e-09,-2.871246760349777e-07,-2.3998107989697814e-07,2.4703656261589653e-12,
2024-08-17 00:17:42,3001189.525348155,3228340.654639366,-5301485.108542812,-2785.0574507304714,-5223.425121457539,-4760.802706847386,,,,-1.6504336386446994e-07,-3.5989743496500637e-07,1.6021978410662996e-08,2.1652293893428773e-12,
2024-08-17 00:23:42,1791997.0157200396,1146507.213200717,-6558739.226169717,-3844.124352420523,-6190.205517746696,-2133.130371651201,,,,-3.611879595410983e-08,-8.628801051457913e-08,4.3768608026795164e-07,-2.4971429781213975e-13,
2024-08-17 00:29:42,305359.8601369667,-1112901.432034664,-6797907.438169343,-4306.755226507205,-6197.659858432644,821.6123658435703,,,,-1.648108594043407e-09,1.4811992299357257e-08,5.861869265544328e-07,3.80697507364221e-13,
2024-08-17 00:35:42,-1228479.9526558057,-3200079.1914690486,-5982341.848105541,-4102.841868309551,-5245.536996089202,3650.560243018403,,,,-7.838504734181129e-09,2.4271998011471396e-07,2.6482739823308066e-07,-2.632909105120415e-13,
2024-08-17 00:41:42,-2571822.342378568,-4791203.72854137,-4237182.8866861705,-3261.6970699178737,-3477.003866284215,5918.201439451979,,,,-1.8274217206126764e-07,1.9943461460059098e-07,1.0540789485702362e-07,5.018745905690598e-13,
2024-08-17 00:47:42,-3515325.7058239607,-5637541.99959865,-1831810.9729955236,-1910.221264050503,-1161.7254720162296,7269.061247092524,,,,-2.2151194567499033e-07,1.4524165692364477e-07,2.734261714820718e-07,2.131669545727876e-12,
2024-08-17 00:53:42,-3910811.9386164043,-5605075.497456121,859718.8180896634,-257.3995941319415,1340.4585176059577,7485.845480442113,,,,-2.1002421313198738e-07,1.0193163202387723e-07,4.231989572112127e-07,3.189287314112069e-12,
2024-08-17 00:59:42,-3695614.9806531286,-4697391.634080924,3416568.04717039,1437.155403794661,3635.584214368562,6530.48822990339,,,,-5.0286397268450855e-08,4.322060336292566e-07,4.7613489506659334e-07,4.37553006174704e-12,
2024-08-17 01:05:42,-2903241.7932258495,-3056074.9519499717,5438399.85436524,2906.4774212350626,5362.027486954065,4553.3625511038135,,,,2.3014868721915605e-07,6.302177557593325e-07,7.585513461805249e-08,4.175659650286969e-12,
2024-08-17 01:11:42,-1657838.9171102962,-937840.5128955401,6609364.669296505,3920.8990803514967,6250.412302927632,1866.335091667879,,,,2.0493452757008868e-07,2.9289505110163816e-07,-2.5634295042209487e-07,2.052007910314286e-12,
2024-08-17 01:17:42,-153984.4456011285,1326636.3336809485,6747189.590691369,4323.596148688829,6164.009973805765,-1110.6916341653607,,,,2.226287498241497e-07,9.991677951681766e-08,-4.2083317808305765e-07,1.949929346645765e-12,
2024-08-17 01:23:42,1373850.8976607402,3384311.8431053055,5830487.575824313,4052.3071152921316,5116.48786732182,-3915.068833530223,,,,9.084660823610591e-08,-1.0496614155641737e-07,-2.5063370312494726e-07,7.748568648214714e-13,
2024-08-17 01:29:42,2687352.4968802435,4914048.440704999,4001894.1403535255,3148.343664915802,3269.4240808861923,-6109.595570398121,,,,-5.02571579463762e-07,-6.17961357640695e-07,-2.898064259682087e-07,-1.7317996906371955e-12,
2024-08-17 01:35:42,3581254.1131718815,5676520.73617826,1546807.800841648,1752.0669949986802,910.4342157276268,-7348.968476349155,,,,1.9036672238570418e-07,-6.410895903030678e-08,-1.3393596454136514e-08,3.5421667436062546e-13,
2024-08-17 01:41:42,3915941.955730513,5552568.565539827,-1150519.3391239059,83.1130306801436,-1589.3967847677407,-7437.601881614997,,,,2.3032161067249035e-07,-1.2178397934548002e-07,-2.99651468749218e-07,2.3200353669773825e-12,
2024-08-17 01:47:42,3639953.300037198,4562656.169178627,-3668098.3215509295,-1595.3882272162364,-3836.549516463891,-6364.486286157807,,,,1.1454845072478292e-08,-2.498469013900717e-07,-1.7981164912583836e-07,1.9881356902815664e-12,
2024-08-17 01:53:42,2797776.817135468,2862962.6526085893,-5613786.464680008,-3021.102035365375,-5481.174805726067,-4303.465668605703,,,,-1.266138345279444e-07,-3.5434969403169703e-07,1.0520382431877806e-07,1.7922389192795921e-12,
2024-08-17 01:59:42,1521676.6431156849,719162.6716279202,-6686657.586954564,-3975.0525737233434,-6272.384694253632,-1579.5230718410999,,,,-1.6377924638710795e-07,-1.5738219283356614e-07,5.035630827876503e-07,8.08826993346746e-13,
2024-08-17 02:05:42,10053.398207372506,-1535996.1730055385,-6721861.742770647,-4312.864889258354,-6092.201213817901,1386.4834190030567,,,,9.621143600736792e-08,2.5124386437980206e-07,3.5653006946745336e-07,-1.3928663953296949e-12,
2024-08-17 02:11:42,-1503063.3394567722,-3553396.254383665,-5713983.660280302,-3983.025726033667,-4968.254391511726,4140.175651238956,,,,-1.6816929959695415e-07,2.0123946598005205e-07,2.0167997227815704e-07,4.828757407404656e-13,
2024-08-17 02:17:42,-2783008.6776380297,-5019698.096507214,-3817785.7952441517,-3033.7991269973004,-3069.7645711504774,6256.517698728635,,,,-2.85514860642877e-07,1.443737875916895e-07,1.0219629320573631e-07,1.012918471519065e-12,
2024-08-17 02:23:42,-3630025.7216167096,-5705212.459499109,-1326369.38009047,-1609.1066485266738,-687.2676486816396,7402.207514499961,,,,-3.4081741784319775e-07,1.1292374590965437e-07,1.7913859373663854e-07,1.7083121645933054e-12,
2024-08-17 02:29:42,-3910876.5909069916,-5500937.444417829,1372317.5951046243,69.85099807376369,1807.7424002895602,7391.788623779085,,,,-4.0644650578514074e-07,1.5514355045098682e-07,4.269363018671868e-07,3.2365354406930646e-12,
2024-08-17 02:35:42,-3580929.3503562324,-4437522.822344144,3856037.18640053,1738.8964869937136,4021.9184207494086,6223.703222269956,,,,-1.8103949539494124e-07,4.0212286744889525e-07,4.7231932409630417e-07,4.0297690643725365e-12,
2024-08-17 02:41:42,-2691766.1449459516,-2681092.626892342,5735972.410457806,3135.359328226104,5606.782717027557,4082.368888307504,,,,4.239628026425635e-08,3.617229515917586e-07,2.2812569611119216e-08,2.1433188148497664e-12,
2024-08-17 02:47:42,-1382638.7026152462,-506320.9054667445,6718629.050942999,4041.4113829154317,6315.664763582803,1305.0131293181832,,,,1.9122208527733164e-07,3.3237498509031127e-07,-2.6665820662685746e-07,2.4034592227929075e-12,
2024-08-17 02:53:42,142018.6301859538,1747403.0037632016,6651149.820974524,4317.145844157933,6039.805596705945,-1674.9443638740242,,,,1.8638856361108402e-07,6.53521223803466e-08,-3.0877042611621164e-07,1.636074091929451e-12,
2024-08-17 02:59:42,1644519.726545392,3728710.2296281066,5544073.657122439,3919.827420523992,4821.950475145906,-4394.488467149341,,,,1.6444430261941534e-07,-2.3622343459095418e-07,-3.6274583958828543e-07,1.0492745008542403e-12,
2024-08-17 03:05:42,2890432.5124369822,5128249.2943618875,3569741.1601407346,2910.2661996191487,2850.1771976961113,-6429.021986940472,,,,1.6946878744761307e-07,1.8177725191748095e-07,4.194432037252227e-07,-1.6051845489212838e-12,
2024-08-17 03:11:42,3685006.202014724,5726994.521584067,1036502.2423691963,1445.6705848556585,432.2122016835844,-7457.921199090981,,,,2.5692062166626783e-07,-1.2212505584585642e-07,5.675143088801349e-08,-9.976092373077043e-14,
2024-08-17 03:17:42,3904248.590185632,5431552.05722623,-1659072.3859099168,-243.27732339121516,-2051.178312705736,-7319.154888131211,,,,3.638155172680513e-07,1.476152977630818e-08,-2.1950472905984952e-07,1.4129980170058935e-12,
2024-08-17 03:23:42,3514896.089485571,4289379.402802732,-4095494.2927236194,-1890.476249436185,-4209.533830284966,-6038.253843207012,,,,1.5893058424865103e-07,-1.9360160408155025e-07,-2.6076995496282507e-07,1.9930382664667228e-12,
2024-08-17 03:29:42,2579118.3377285087,2480317.594470607,-5893730.929602147,-3239.288295520387,-5707.982939717912,-3821.446427560323,,,,-7.636124887966389e-08,-2.872128082032077e-07,-3.1765063468469634e-08,1.923302469648985e-12,
2024-08-17 03:35:42,1243516.872582891,286688.60366847424,-6776044.534294987,-4083.2138284891125,-6318.931505511628,-1016.6917229259623,,,,-2.1031203978338908e-07,-1.6220641319009133e-07,3.3433096646717786e-07,1.4815747751181235e-12,
2024-08-17 03:41:42,-284515.9170686151,-1951336.1080136728,-6606969.286007039,-4294.682382776847,-5951.673733557048,1943.8556134522535,,,,-1.5721027168957846e-07,1.4913003543171044e-07,1.5090125593530956e-07,7.744173470543108e-14,
2024-08-17 03:47:42,-1768430.8546224674,-3887224.5933548263,-5412378.287962061,-3840.985913295004,-4661.683021147106,4606.539232293504,,,,-2.514576409318181e-07,9.600120698394221e-08,-4.5505672119361407e-08,2.953971357900967e-13,
2024-08-17 03:53:42,-2977870.9911555527,-5219905.682825923,-3375896.6609832076,-2789.172242175847,-2643.608281881947,6559.070672328895,,,,-4.1931565597508325e-07,-2.7014810832781677e-08,1.041604891227621e-07,1.8343384680751145e-12,
2024-08-17 03:59:42,-3723801.356804209,-5740161.70239132,-812781.502134925,-1299.536597789751,-207.46755214228443,7492.474615676454,,,,-5.31011795423808e-07,-9.203513240407801e-08,2.7837755567361455e-07,2.658050984526691e-12,
2024-08-17 04:05:42,-3888701.5396962585,-5364793.135971368,1877363.872705828,395.8529448622243,2265.746383656545,7254.59396516524,,,,-4.116323104597086e-07,1.507723235150138e-07,4.644447315627076e-07,3.369887725621101e-12,
2024-08-17 04:11:42,-3446190.184040755,-4151435.4415781028,4273430.659914925,2029.906595062879,4385.818424321139,5880.4669205682185,,,,-1.6186334583778716e-07,4.5904602252733184e-07,4.281899563807201e-07,3.993061446228925e-12,
2024-08-17 04:17:42,-2465564.545861591,-2289810.5278523667,6000438.157525973,3345.7737452967717,5819.602436988127,3587.3370765011246,,,,6.716376077520181e-08,4.516145537536431e-07,1.1651184461669573e-07,3.1120748491974596e-12,
2024-08-17 04:23:42,-1100333.6255755932,-70962.3788322485,6788963.182017956,4138.624480539729,6344.554756188556,735.7622483296245,,,,1.5705130707033277e-07,2.38565529914192e-07,-1.7702946664144292e-07,1.9368039351455995e-12,
2024-08-17 04:29:42,436409.8029582668,2158962.30082364,6516423.618113119,4286.19575893133,5880.42528791143,-2229.9474904954077,,,,1.457232376989026e-07,4.038433054631696e-08,-1.1919313003261323e-07,1.0745451981308618e-12,
2024-08-17 04:35:42,1905098.7290286967,4052270.1831473634,5225219.223960378,3765.359205722032,4498.825987274973,-4848.888771468398,,,,1.8803782886323006e-07,-1.8152447989194798e-07,-1.1284232659392046e-07,4.183145371414106e-13,
2024-08-17 04:41:42,3076479.902055761,5313200.521115696,3116458.039657094,2656.1294579250457,2413.4401343612567,-6711.4400420181755,,,,4.3334957533502916e-07,9.457547456293014e-08,7.934061851955221e-08,8.007716598000096e-13,
2024-08-17 04:47:42,3767417.8937247274,5744381.685418215,519700.7451619279,1131.748256960395,-49.527751730815346,-7523.665687376604,,,,4.679506373506115e-07,9.582388660334118e-08,6.673362085152235e-09,4.47493061925464e-13,
2024-08-17 04:53:42,3870253.1526205307,5278813.149527563,-2158491.470928,-567.4382984046914,-2502.0057669953885,-7158.258730972808,,,,4.157156405781848e-07,-2.9210458052375543e-08,-3.812416022874743e-07,2.439667448789925e-12,
2024-08-17 04:59:42,3370044.7108729547,3990675.914659649,-4499623.561266246,-2174.060546511017,-4558.977664206164,-5676.990228931795,,,,8.224947212198686e-08,-2.3468878218579903e-07,-2.5061903574652433e-07,2.20932056952434e-12,
2024-08-17 05:05:42,2346217.533242473,2082432.7149191569,-6139961.797863945,-3438.55461352009,-5902.500019102796,-3317.1374814640376,,,,-8.155552633226648e-08,-2.3167472296137248e-07,-3.758110356244515e-08,1.6985274610293084e-12,
2024-08-17 05:11:42,958827.9063498677,-148556.72101174877,-6826498.605738347,-4167.993969526611,-6329.376796300766,-447.5049835179963,,,,-9.066826489600999e-08,7.39408738403835e-08,2.4735746428916627e-07,-1.9275858471105055e-13,
2024-08-17 05:17:42,-576913.4048994891,-2356569.10364002,-6453897.216040349,-4252.152178224713,-5776.6068861005915,2490.715413266803,,,,-1.7501746452097677e-07,1.4824947935920818e-07,1.3307299617792978e-07,2.1005312055591429e-13,
2024-08-17 05:23:42,-2023237.1555390581,-4199585.391017903,-5079236.226479975,-3677.287783056086,-4327.36469071503,5046.93588717122,,,,-2.739346149915889e-07,9.274832013517198e-08,-1.4397690861756018e-07,-1.149486935631452e-13,
2024-08-17 05:29:42,-3155378.6873561023,-5390561.767961131,-2914068.7092965096,-2528.9789810012885,-2200.914357975588,6823.968176958021,,,,-5.264350257938588e-07,-2.3736004717278547e-07,-9.972811643166324e-08,1.1198808452658466e-12,
2024-08-17 05:35:42,-3796119.0434113676,-5742078.720432421,-294070.57066322234,-983.0653393570398,274.8268313506102,7539.179656207169,,,,-5.986213889030978e-07,-1.2892617551329977e-07,2.7773805583164446e-07,2.517581915925768e-12,
2024-08-17 05:41:42,-3844354.899159508,-5197376.509469142,2371834.2943342035,718.8575724003641,2711.6046231967975,7074.957919143249,,,,-4.6506033690718596e-07,1.2786129044428662e-07,5.230432105207683e-07,3.5276745306978348e-12,
2024-08-17 05:47:42,-3292090.4757008264,-3840821.581155098,4666224.801439415,2308.524145124379,4724.9281139936475,5502.823840046582,,,,-1.2938490456804175e-07,4.253777854401619e-07,5.173938708580295e-07,4.333309055222591e-12,
2024-08-17 05:53:42,-2225869.954974151,-1884614.511870464,6230204.596146991,3536.4269595032465,5999.07209046284,3071.332838152636,,,,1.5021675370263665e-07,6.201357569679544e-07,1.9323711608620897e-07,4.611667988324927e-12,
2024-08-17 05:59:42,-812509.7454514108,365546.79349633097,6819965.4108119225,4211.884592848506,6336.811135904536,162.06791810625484,,,,1.333992633023584e-07,1.7453279749224393e-07,-7.03913620725416e-08,1.5781303497828631e-12,
2024-08-17 06:05:42,727492.6025631255,2558740.3944692453,6343872.597491157,4230.789464417941,5686.7618291787285,-2772.2474950146134,,,,8.836384435273459e-08,-7.561443027270798e-09,-2.7126835888680034e-08,3.867176953349138e-13,
2024-08-17 06:11:42,2154043.414477418,4352933.587062328,4875956.050583288,3589.698269308621,4149.051875876428,-5275.312018093159,,,,2.8978160759862703e-07,-7.707552285296515e-08,-1.3886642058480447e-08,7.541547560052652e-13,
2024-08-17 06:17:42,3244371.084325348,5467703.655720885,2644983.4217994167,2387.4525281433125,1961.9737686180251,-6954.878216634655,,,,4.286033679079537e-07,1.7452193912248504e-07,2.0140606427077046e-07,-3.77798408449977e-14,
2024-08-17 06:23:42,3828009.4800644554,5728555.4917497365,-194.4720640394953,812.277600327883,-531.7014290224008,-7545.6618001973275,,,,4.315832189405455e-07,1.7763899684553053e-07,-1.619378196464718e-07,1.400297122062108e-12,
2024-08-17 06:29:42,3814205.461807779,5095319.336185111,-2645445.277590384,-887.3155143311963,-2938.92553478167,-6955.849462145824,,,,3.7273181963115576e-07,8.470324619480607e-08,-3.7079279868734716e-07,1.9012857733718535e-12,
2024-08-17 06:35:42,3206362.5246547265,3668475.7288624155,-4877756.0532208225,-2444.3110294421363,-4882.60090196781,-5283.03011868891,,,,8.536008566650821e-08,-1.4349226784560187e-07,-2.843044661915428e-07,1.9048835873090165e-12,
2024-08-17 06:41:42,2100592.253331316,1671883.4209908205,-6350762.103031339,-3617.6848602460577,-6063.450034738434,-2793.7489921587658,,,,-8.188101352502031e-08,-1.1645686903705155e-07,-2.0729206262615207e-07,1.5159406624634127e-12,
2024-08-17 06:47:42,669437.6646125086,-583744.1676972145,-6837543.172849575,-4228.907614976372,-6303.600839559008,124.45059494375852,,,,-1.776781922702142e-07,1.4738546250114837e-07,9.291587410586999e-08,-1.5946680312171362e-13,
2024-08-17 06:53:42,-865280.3337419056,-2749032.4733295776,-6263452.06066316,-4185.589185648959,-5568.0316977187595,3023.6274116735544,,,,-1.895698924503364e-07,9.665961808735801e-08,1.0069227940334713e-07,5.362724346794499e-13,
2024-08-17 06:59:42,-2265872.474827893,-4488371.29753909,-4716499.660361983,-3492.983719218416,-3967.3192157920676,5458.581976355274,,,,-9.896754527005669e-08,1.2892014122911633e-07,-2.728866297374566e-07,-1.5806371807800633e-12,
2024-08-17 07:05:42,-3314403.973793651,-5530427.586077684,-2435065.9707182525,-2254.807188287134,-1744.4414623588161,7049.496341886223,,,,-8.423064228324506e-07,-1.504923948125736e-06,3.8281812120288805e-07,6.8830374337164555e-12,
2024-08-17 07:11:42,-3846487.1512954133,-5710790.982864035,226625.74957108864,-661.6097657939945,756.5527186933572,7542.010617291968,,,,-4.127000661213742e-07,-1.9543117257825315e-07,5.277179266349741e-07,3.901480372053575e-12,
2024-08-17 07:17:42,-3778046.8507197667,-4999573.023972923,2852740.284833504,1036.93129810982,3142.5854133671487,6853.988284587702,,,,-2.427373582136738e-07,4.939285869198784e-08,6.192319164100013e-07,3.941034875219831e-12,
2024-08-17 07:23:42,-3119493.0785180647,-3507416.495418313,5032045.520487774,2573.1110563741613,5037.303748771115,5093.007652227019,,,,2.0483760421186048e-07,9.298321890227612e-07,2.2470198235424732e-07,6.037668916584602e-12,
2024-08-17 07:29:42,-1974031.760717149,-1467766.2139777713,6423836.705999485,3706.2989836019065,6144.2088310499685,2537.2625108393,,,,2.1933052662959085e-07,3.717324876806316e-07,1.6311851780415054e-07,3.3429223717873022e-12,
2024-08-17 07:35:42,-520759.4596962267,800777.4194139158,6811311.160686744,4260.8625240679985,6292.5014206816895,-412.9035554806348,,,,1.2180600839073463e-07,1.1851695924658401e-07,-3.1856552951126105e-08,1.2175392994233364e-12,
2024-08-17 07:41:42,1013676.9077622718,2944513.262411769,6134281.655853201,4151.265286782858,5459.8691223501755,-3298.9110902251696,,,,1.6310890216253426e-07,4.149170740319619e-08,7.319820571893842e-08,6.295764048642803e-13,
2024-08-17 07:47:42,2389996.8408356337,4629011.66365144,4498019.056299576,3393.80222592148,3774.5065331396922,-5671.471782847016,,,,2.1496449909008675e-07,1.1705610525325483e-07,2.301152361994241e-07,-1.301262102798431e-13,
2024-08-17 07:53:42,3393182.8000690015,5590849.713109294,2157700.247652206,2105.643119699153,1498.182679447973,-7158.052719441092,,,,5.086653516173101e-07,3.1372109354776967e-07,3.6682031190338193e-08,1.2082264035497948e-12,
2024-08-17 07:59:42,3866413.2305098316,5679517.155165547,-520541.8099321822,488.9165830902231,-1011.7056036170304,-7523.768501382229,,,,4.65086434253692e-07,2.540235088943632e-07,-3.0998988398422966e-07,2.18343349644098e-12,
2024-08-17 08:05:42,3736356.1416216046,4881978.714229973,-3117464.386926472,-1201.21071107942,-3359.611279481633,-6713.003857195114,,,,3.2923386061867177e-07,1.6291349602681748e-07,-3.650658220166747e-07,1.4340847437427737e-12,
2024-08-17 08:11:42,3024667.110541216,3324425.82982077,-5227984.588078145,-2699.791105914591,-5178.634262064359,-4858.394567217237,,,,-4.2136146571891686e-08,-2.0568683467558913e-07,-2.9724062855507327e-07,2.5079017319587094e-12,
2024-08-17 08:17:42,1843510.0795104818,1250816.9597269592,-6525091.403122644,-3775.6475759658188,-6189.849415455356,-2254.014902533332,,,,-1.800163360599072e-07,-3.264977266326241e-07,-2.4868122316945573e-07,3.1274512191833595e-12,
2024-08-17 08:23:42,376882.1626959529,-1016535.4239511947,-6809199.091991194,-4265.509546248398,-6241.544827749495,696.067535309744,,,,-1.8726604589236473e-07,-3.863324571362625e-08,5.1811296586379285e-08,1.032603418729862e-12,
2024-08-17 08:29:42,-1148037.382828957,-3126550.6639884384,-6036776.073754473,-4095.1968572320698,-5326.903643946655,3539.540669483488,,,,-1.78474973022702e-07,8.030608045217491e-08,-1.6169613026306706e-07,-2.5767484974746997e-13,
2024-08-17 08:35:42,-2494951.1935465084,-4751927.362887339,-4326332.136413312,-3288.9459710485417,-3583.466359949947,5838.912125955407,,,,-6.22750140344408e-07,-3.7390857166030855e-07,-3.7195027680070325e-07,1.163597107855226e-12,
2024-08-17 08:41:42,-3454004.90966337,-5638685.863813197,-1941816.8929627533,-1968.2361683895788,-1276.8583609261223,7234.057878255736,,,,-5.513104950338743e-07,-2.9353047370506147e-07,8.43498448865887e-08,1.9722706570534006e-12,
2024-08-17 08:47:42,-3874620.605210023,-5646509.994406783,746050.2261511098,-337.14762955958196,1234.7458979513542,7500.776406855876,,,,-5.67128405570827e-07,-4.4298486123750536e-07,4.881506499021526e-07,3.145216803595743e-12,
2024-08-17 08:53:42,-3690207.231539401,-4772641.250419894,3317028.3999152724,1348.1617210850993,3555.931166432454,6592.999314143651,,,,-2.2175237912591683e-07,-1.459572551709698e-07,7.796036731733125e-07,4.109917184056221e-12,
2024-08-17 08:59:42,-2929440.1320430567,-3153361.370094724,5368544.251479433,2822.208318864464,5320.854247414612,4653.562352615553,,,,1.0179368814533518e-07,3.589582764362831e-07,4.623999494413056e-07,4.13707883868244e-12,
2024-08-17 09:05:42,-1711518.9052635718,-1041977.2834822993,6580075.030744852,3854.494218610039,6254.021114336594,1988.527888349796,,,,1.3154480615895636e-07,2.038247359781309e-07,3.0482884127991383e-07,2.2751433252338423e-12,
2024-08-17 09:11:42,-226757.11831218295,1231883.0286394814,6763014.0219234545,4285.323219574376,6211.854816307853,-985.5637848171945,,,,2.4648074581357093e-08,-2.5881036203045937e-08,4.844102363676939e-08,-9.810186149032115e-14,
2024-08-17 09:17:42,1293329.4544768557,3313726.645953358,5888925.09970521,4048.0888650058037,5201.132579789608,-3806.599267711525,,,,9.358426611427717e-08,2.534033844980854e-07,1.9719686505936806e-07,8.980125080124166e-13,
2024-08-17 09:23:42,2611614.950024139,4878641.063543997,4093768.0346995397,3178.7826548061576,3377.6204942750396,-6034.761784490129,,,,2.715081866000446e-07,2.918026220655179e-07,2.166425936422911e-07,5.096353704384102e-13,
2024-08-17 09:29:42,3522072.1101530576,5681790.85382927,1657704.6058703475,1812.3690005130309,1025.2019321860298,-7319.534576803885,,,,4.140280154274478e-07,4.843313918811987e-07,9.397700839741674e-08,5.241307774904827e-13,
2024-08-17 09:35:42,3882466.771270816,5597597.9561575875,-1037996.7138320861,163.71524065019264,-1486.2398128920593,-7458.067152663447,,,,3.6104552947335833e-07,3.4518954894480203e-07,-1.2518920833315406e-07,4.519267306825894e-13,
2024-08-17 09:41:42,3637280.792526362,4640248.733587635,-3571500.6189650637,-1507.126502286757,-3761.1697114012222,-6431.248096286306,,,,1.722437064088922e-07,2.2269359867266303e-07,-5.147129131799488e-07,2.1072726070213785e-12,
2024-08-17 09:47:42,2826198.2913318127,2960884.758544986,-5548036.103854925,-2938.8712641320153,-5445.040168517013,-4405.789765084758,,,,8.001311480043682e-08,-1.0690289675707731e-07,-4.995139493146894e-07,2.4369646862769775e-12,
2024-08-17 09:53:42,1576690.2974930226,822139.8978232737,-6661807.230898511,-3911.446687215175,-6280.744633553757,-1701.4595724545832,,,,-5.394714119866251e-08,-7.704249238571492e-09,-1.729965575236747e-07,5.31168671433594e-13,
2024-08-17 09:59:42,83100.50594256399,-1443913.239342588,-6741660.180407415,-4277.589046569269,-6143.560788194534,1263.5613194422763,,,,-3.543252075077774e-08,9.003898959747403e-09,-7.57950822105613e-08,4.907033468532303e-16,
2024-08-17 10:05:42,-1423315.0192284114,-3486458.3415492666,-5775379.501006667,-3981.5759249940165,-5054.805409985386,4035.0038413298985,,,,-1.988341837844132e-07,-1.2805622073841505e-07,-1.7175921396272997e-07,7.14579494258697e-13,
2024-08-17 10:11:42,-2708965.2309464794,-4988354.017108473,-3911345.752764027,-3066.568121866857,-3178.417658193164,6185.371909776888,,,,-4.6287966082303456e-07,-5.442963795232458e-07,3.8968237525693894e-08,3.236373778579004e-12,
2024-08-17 10:17:42,-3573280.8290538923,-5714493.976149313,-1437612.590861989,-1671.1876862453216,-801.3441830960502,7376.484042228686,,,,-2.7617513520539205e-07,-3.3493343476465043e-07,-3.256058429546016e-07,-1.5858558812928625e-12,
2024-08-17 10:23:42,-3880357.6703309165,-5549563.450914813,1260764.6851523616,-11.820566100381374,1706.1595205403314,7415.8354562532095,,,,-2.164798544868063e-07,-1.9926745054021922e-07,4.828950161961387e-07,3.0827803624812702e-12,
2024-08-17 10:29:42,-3581441.700343627,-4518016.601017638,3761662.900194396,1650.4581973234249,3948.8221962956486,6293.838430647029,,,,-1.379010816648929e-07,3.1224882235392215e-08,7.254726881456008e-07,4.242262836416013e-12,
2024-08-17 10:35:42,-2723251.9181154477,-2780958.846657305,5673590.056388671,3053.9990113415615,5573.682317840043,4187.611270303302,,,,1.5317066814901636e-07,1.7757551296071483e-07,4.23047700870427e-07,3.073644719256482e-12,
2024-08-17 10:41:42,-1440196.3392147243,-610013.1148444919,6698044.676779708,3979.8454870163796,6327.804204979035,1428.8889788731633,,,,2.629524578079412e-07,3.0902993142234436e-07,2.3551493733009465e-07,3.180632158588074e-12,
2024-08-17 10:47:42,67358.56325769774,1656055.792432095,6675611.754322239,4284.940354342105,6095.35309591762,-1551.890750413222,,,,-2.1542956502029753e-08,-1.6599157159902234e-08,3.4620098077198236e-07,-6.971349686586635e-13,
2024-08-17 10:53:42,1564369.6787053666,3663968.463305784,5609763.912543843,3921.932742372142,4912.268453195639,-4291.520429324971,,,,2.3688294348289674e-07,2.725528984726111e-07,2.516818211617533e-07,1.1265808367750221e-12,
2024-08-17 10:59:42,2817256.5487495894,5100230.056766881,3666389.3225393854,2946.406690428147,2961.1672100382034,-6362.293875886858,,,,1.947849677108593e-07,4.878948276498818e-07,2.4745619509047856e-07,4.158592694812461e-13,
2024-08-17 11:05:42,3630196.131261591,5740055.4884970635,1148955.8747370755,1510.1895092517034,546.3743874459449,-7438.025148008331,,,,2.7416647618849765e-07,6.471129356810934e-07,2.862763206490371e-07,-1.299983286424155e-12,
2024-08-17 11:11:42,3876273.4901076593,5483536.887815766,-1548454.6143229145,-160.72152016839092,-1951.9717895468486,-7349.037867924697,,,,4.3844112163071713e-07,6.332387973984055e-07,-3.999698801049334e-07,1.5464089628138315e-12,
2024-08-17 11:17:42,3517968.62304315,4372012.156622465,-4003940.4670492774,-1802.807161275098,-4140.685222820583,-6112.820730023016,,,,1.2214076061667356e-07,1.9943178219961055e-07,-5.350154310690414e-07,2.1200515334504264e-12,
2024-08-17 11:23:42,2612637.456828508,2580614.5751830563,-5835368.912570094,-3160.002988533319,-5679.9292062975155,-3928.8290289276606,,,,-1.0725486987439581e-07,-6.624549087064224e-08,-2.956882019233831e-07,1.7967875050516762e-12,
2024-08-17 11:29:42,1302215.5965279357,389037.38764962193,-6759800.75326227,-4024.4181561522028,-6335.691315947473,-1140.2702016954515,,,,-2.0119256904926885e-07,-1.4304625195471488e-07,-1.6055913221180163e-07,1.822347321646818e-12,
2024-08-17 11:35:42,-209754.44578941446,-1862780.4664159222,-6635313.662131684,-4265.41652709809,-6010.549457101141,1822.9094500578892,,,,-7.250594907803887e-08,-8.243713223166083e-08,-3.324571888896344e-07,1.9085602241759724e-13,
2024-08-17 11:41:42,-1689216.4740692955,-3826189.256536157,-5480984.926848278,-3845.861775057915,-4753.744727779356,4506.711457250916,,,,-1.2486411327117253e-07,-1.5059664004724027e-07,-1.5956785048842903e-07,4.568818559412558e-13,
2024-08-17 11:47:42,-2906556.1783621293,-5195955.310997233,-3474247.895719129,-2827.6504754838497,-2754.927275538719,6495.856475871168,,,,-2.7274771197127734e-07,-4.3498657653628925e-07,-6.634152960316442e-08,1.4689070031012125e-12,
2024-08-17 11:53:42,-3671592.130122382,-5757218.414791963,-925670.8557093359,-1365.8142915504422,-320.9807679115448,7476.064578518759,,,,-3.6136825265487005e-07,-6.459301413741514e-07,2.717253062556324e-07,2.6020763020369586e-12,
2024-08-17 11:59:42,-3863859.030522649,-5420432.704904749,1767558.4787781402,312.109383620451,2167.775930384774,7287.971146486469,,,,-1.0793669869002542e-07,-2.859898389218074e-07,7.03797042422849e-07,4.253287240395212e-12,
2024-08-17 12:05:42,-3452688.362886941,-4237149.129582239,4183969.669886835,1941.8568166146695,4318.973655150198,5958.607879604943,,,,-1.510314486807829e-07,-5.773864080182989e-07,6.469391955477022e-08,-2.276751013510174e-12,
2024-08-17 12:11:42,-2502459.6138622407,-2392306.4430335527,5945419.344256373,3267.1962097957016,5794.46958820214,3698.01801720812,,,,3.030674990966986e-07,2.7460728535544376e-07,4.369545623106319e-07,3.995638941821715e-12,
2024-08-17 12:17:42,-1161917.5987583767,-174283.65694555896,6777098.816574872,4081.860212627498,6365.174495422454,861.6445631814016,,,,3.275625588550213e-07,2.322907320939649e-07,7.817838998391835e-08,2.7467646526741923e-12,
2024-08-17 12:23:42,359708.22032292467,2070932.6263439902,6549658.537916466,4260.072565056639,5943.643396078196,-2108.5927671688023,,,,1.2025202617005348e-07,5.0742759771793544e-08,1.0182749399234581e-07,5.701609651154379e-13,
2024-08-17 12:29:42,1825207.2873341704,3993288.6088507404,5298451.578776933,3774.0301963413376,4594.879701502509,-4750.995160266615,,,,-4.525554020418099e-08,1.3099285922635318e-07,1.764263872772176e-07,-3.8891960905658393e-13,
2024-08-17 12:35:42,3005871.166632629,5292521.494132573,3218298.4215483866,2698.3424323250874,2527.3419838806535,-6652.556588668473,,,,1.4869195341660202e-07,5.397590756572868e-07,1.9053333177865284e-07,4.666863895538693e-13,
2024-08-17 12:41:42,3717107.3156264937,5765234.843690228,634194.2515967404,1200.766394403953,64.20138682522224,-7513.187220306926,,,,1.3282481248211297e-07,5.436225425370367e-07,-1.1496423246715182e-07,9.997601795587802e-13,
2024-08-17 12:47:42,3848012.5715234117,5337848.508362461,-2049278.4993240822,-482.58604306345194,-2406.4326330311605,-7197.62788435371,,,,1.0328913013779584e-07,4.051089330658897e-07,-3.32222226173684e-07,1.2968870428188481e-12,
2024-08-17 12:53:42,3379225.605292321,4078545.018081469,-4412688.039554153,-2086.648596747806,-4496.447069674387,-5759.686097659196,,,,-3.3896547790845943e-08,1.3561415013185751e-07,-3.994459261136285e-07,1.6806622521263846e-12,
2024-08-17 12:59:42,2385287.464193868,2185352.978508537,-6088703.130952832,-3362.066174327585,-5882.44795253975,-3430.0208516611588,,,,-1.615741593852249e-07,2.5102304235247175e-08,-2.3734067244873813e-07,1.1586517809399395e-12,
2024-08-17 13:05:42,1021673.7780935105,-46585.209428805276,-6818741.25076871,-4114.108659745825,-6354.600279211626,-573.1725501479399,,,,-1.8402847290488467e-07,-1.105610434939952e-07,2.210849814332505e-08,1.388763935685336e-12,
2024-08-17 13:11:42,-500051.25352325523,-2271335.074915281,-6490803.550942169,-4229.197404010671,-5843.1598853523365,2371.473404146739,,,,-1.705742981306102e-07,-1.8473473195612655e-07,4.0603634232638797e-08,1.8192473848872863e-12,
2024-08-17 13:17:42,-1944298.0289182868,-4144306.211678434,-5155130.754374343,-3688.8819054108003,-4425.094733785996,4952.39624352097,,,,-7.645324995309011e-08,-2.1773154834647812e-07,-1.022595377264679e-07,7.071929489251838e-13,
2024-08-17 13:23:42,-3086671.3966222764,-5373903.768613218,-3017270.42204484,-2573.5201085634503,-2314.9761543857903,6768.835160068427,,,,-1.426006694948967e-07,-4.224292498022919e-07,3.91701053814586e-08,1.5355823854408728e-12,
2024-08-17 13:29:42,-3748438.5502460264,-5766803.839752001,-408584.8366616552,-1053.8289591592459,162.01002728116703,7532.366089317835,,,,-2.4472038262501883e-07,-5.316829669865797e-07,3.797583628672996e-07,2.8851097831665755e-12,
2024-08-17 13:35:42,-3825271.2380983504,-5259807.547122485,2263906.1462295623,632.8698526873925,2617.761483619737,7117.930903755158,,,,-4.5327669617734045e-08,-3.80550094547516e-07,8.27950711546066e-07,4.627524926109927e-12,
2024-08-17 13:41:42,-3304677.693180822,-3931309.9281651103,4581847.647474226,2220.906113400117,4664.981813157949,5588.933228526684,,,,2.8080321357037974e-07,2.0052432603279158e-07,6.491142476861e-07,4.931038099319471e-12,
2024-08-17 13:47:42,-2268214.8854918093,-1989072.3426534217,6182645.256192938,3460.9217811876556,5982.443071034204,3187.053414388169,,,,3.314105527785216e-07,3.058989697102277e-07,2.491110926428064e-07,3.5898636554012918e-12,
2024-08-17 13:53:42,-878038.3356975041,263404.3701373311,6816720.7547491295,4160.2860249259775,6366.135245040175,289.2719068564239,,,,1.9114606675252332e-07,-1.366666474433842e-08,1.9691612074268505e-07,7.291489596816415e-13,
2024-08-17 13:59:42,648961.4728596194,2474841.4484819425,6385509.938907518,4211.116611688831,5757.46491178857,-2653.375815279264,,,,-9.048354177032536e-09,2.337595983448182e-07,4.091671979011835e-08,1.1412487865298213e-12,
2024-08-17 14:05:42,2074743.037050649,4300385.7538981885,4956054.855969737,3605.1716789829625,4250.230210620106,-5183.37566229866,,,,6.566067289881516e-08,3.9747304914072856e-07,1.6081840747972365e-07,1.034961170904078e-12,
2024-08-17 14:11:42,3176688.73141854,5454746.348630484,2751055.44837244,2435.666912108101,2077.8203570811706,-6904.460740529685,,,,1.0590309340585691e-07,5.57146995205926e-07,1.184468203518918e-07,5.618407918040225e-13,
2024-08-17 14:17:42,3782506.8188488903,5757211.668723569,115238.02515301519,885.6261449351687,-419.46544982778306,-7544.770333604626,,,,7.229410137199466e-08,5.718019560063681e-07,-2.3189140740953462e-07,1.4898708282773468e-12,
2024-08-17 14:23:42,3797928.9103276464,5161029.053038797,-2538723.8299754555,-800.4656367585101,-2848.040005993222,-7004.432614774751,,,,-6.21327576055819e-08,3.5595927538878414e-07,-4.614565431992901e-07,2.1566649788682777e-12,
2024-08-17 14:29:42,3221755.3891917667,3760873.745936681,-4796344.437051897,-2357.5251258802978,-4827.129676654599,-5373.152357949687,,,,-1.8946518087759046e-07,9.262831301981578e-08,-3.4315215469149507e-07,1.7604824274168097e-12,
2024-08-17 14:35:42,2145192.1802391573,1776530.3533501702,-6307218.260181475,-3544.3109819349393,-6051.70437627687,-2911.241908926606,,,,-1.9922999916488493e-07,-5.249138190777103e-08,-1.1560929813470011e-07,1.3039171116689263e-12,
2024-08-17 14:41:42,736303.7702014002,-483083.5937557855,-6838555.474847978,-4180.196100657751,-6337.199582214088,-2.3857763334855973,,,,-7.704130300378864e-08,1.7511702532502227e-08,4.04781630436446e-09,2.0257592645056561e-13,
2024-08-17 14:47:42,-786519.5662669207,-2667956.3964158753,-6308877.646196195,-4169.084018406983,-5641.817237775532,2906.934921640375,,,,8.815345997614799e-08,1.1888507955859495e-09,-4.108033024863289e-09,-3.701527690093178e-13,
2024-08-17 14:53:42,-2187442.8022453245,-4439480.196844317,-4799370.604763717,-3511.3404492447744,-4070.03950010107,5369.964496674666,,,,4.3386037873460737e-08,-2.59915411859879e-07,-1.145289321158316e-07,2.7826898315284226e-13,
2024-08-17 14:59:42,-3248548.477884274,-5521419.202787894,-2542622.5609447085,-2305.427868915828,-1860.4162859024177,7002.826394575252,,,,-5.0494140868551085e-08,-5.777592964051337e-07,5.864642282915611e-08,1.5276828081780245e-12,
2024-08-17 15:05:42,-3803569.896801782,-5743235.519889779,111082.90670491062,-736.7452403557468,645.2909957432355,7544.980389549747,,,,-1.5625695048981925e-07,-4.358492651235224e-07,7.280530957276543e-07,5.062719048756147e-12,
2024-08-17 15:11:42,-3764859.8024678817,-5068540.992264887,2747305.3299716236,949.1202400766986,3053.6782709740055,6906.440664734548,,,,-4.762885197351352e-09,-2.265902319109614e-07,7.368617747083306e-07,4.1748788674635734e-12,
2024-08-17 15:17:42,-3138123.6695404225,-3602172.569067735,4953265.123467226,2486.5025910412332,4984.848550005882,5186.639773734751,,,,5.22264590685495e-07,4.637965052012305e-07,4.791584728991438e-07,5.7931988461559965e-12,
2024-08-17 15:23:42,-2021576.8221259913,-1573513.3494728059,6384039.448057199,3634.3929313744297,6136.413975456244,2657.3224869542955,,,,4.550937733327487e-07,2.2730609194887563e-07,-9.478929996475927e-08,2.661608544317848e-12,
2024-08-17 15:29:42,-589816.0425456578,700546.7340337869,6816695.751763386,4214.82339986021,6330.507578951017,-285.26213450109424,,,,3.985293957065039e-07,1.9473701906580487e-07,1.0847614362319291e-07,2.7453031661897234e-12,
2024-08-17 15:35:42,933852.1313836586,2865410.892565711,6184007.195698988,4138.296764116379,5537.719236930885,-3183.4538475534046,,,,1.0201921396557623e-07,2.6158814225851756e-07,-2.9994712935632606e-07,2.6906886584275913e-12,
2024-08-17 15:41:42,2311857.8865325553,4583378.629044018,4584349.301506693,3416.022268442889,3880.155161920534,-5586.268519666242,,,,-3.317534336133576e-08,8.697176490102265e-08,-1.2440072971742211e-08,2.7865397722949995e-13,
2024-08-17 15:47:42,3328945.5626550806,5585823.938254213,2267141.6959498012,2159.6286778814374,1615.1148330046533,-7116.591407552155,,,,4.0282164270877274e-08,4.086811191683637e-07,-4.208801307470367e-08,9.899069461952485e-13,
2024-08-17 15:53:42,3826112.148682392,5715846.015227394,-405147.2760933047,566.1165518380373,-901.9637425285068,-7532.57513296201,,,,-1.0233374947432594e-07,4.4407842736404746e-07,-3.29159453693606e-07,1.916863285843055e-12,
2024-08-17 15:59:42,3726229.366770494,4953890.081301378,-3014164.1938155815,-1112.9996323540324,-3274.2739956629116,-6770.444859491823,,,,-2.2352497541788807e-07,2.071575568862727e-07,-3.9269678797637653e-07,2.122235742941156e-12,
2024-08-17 16:05:42,3046221.9402174326,3420612.2018050426,-5152829.1247256575,-2614.2956933678756,-5130.835993914328,-4955.20588462959,,,,-3.032777513567453e-07,-2.211578653543711e-08,-3.376573776137093e-07,2.4658802305512956e-12,
2024-08-17 16:11:42,1893359.382348326,1356292.9493056126,-6489679.35281721,-3705.991710465472,-6186.677337360074,-2375.136373900106,,,,-2.7422807136190386e-07,-1.8998290585159339e-07,-2.8822925379756725e-08,2.1674615441089552e-12,
2024-08-17 16:17:42,447295.07137870823,-918119.3305139564,-6819009.424562623,-4222.419151250024,-6283.435641068579,569.2325503870046,,,,-2.4953951016648546e-07,-1.9086327185391383e-07,3.4308019358775255e-07,2.3496440885900257e-12,
2024-08-17 16:23:42,-1067965.399782309,-3050458.082882599,-6090324.981768386,-4085.3365897497915,-5407.422471921474,3426.534983628958,,,,7.644131061468329e-08,-2.6300357891528847e-08,1.7298007293220508e-07,4.046864620582073e-13,
2024-08-17 16:29:42,-2417644.8486791523,-4710007.283507981,-4415402.670840051,-3314.0096475774785,-3690.335025193459,5757.184949184185,,,,6.443902078601127e-08,-1.6313124628908326e-07,1.2314859887396779e-07,1.0477304881004504e-12,
2024-08-17 16:35:42,-3391539.551705847,-5637552.313759614,-2052652.006318723,-2024.5680768292993,-1393.6073580828197,7196.515368945082,,,,-9.053973570871676e-09,-4.384808169888288e-07,2.6886279425042403e-07,2.4412906056977484e-12,
2024-08-17 16:41:42,-3836825.4638904016,-5686455.469327491,630699.7738813816,-416.053700604813,1126.3155191630499,7513.636845750626,,,,6.057957868677022e-08,-2.472479669890504e-07,6.700429580064338e-07,4.493508011311643e-12,
2024-08-17 16:47:42,-3683044.9371697493,-4847495.998189844,3215233.9606854334,1259.1670000725846,3473.035405287135,6654.438815135265,,,,3.1813412970649324e-07,1.1942177380319663e-07,6.648690744626151e-07,4.97534676306309e-12,
2024-08-17 16:53:42,-2954031.33325018,-3251411.55975294,5296249.995200268,2737.1343545053332,5276.598829439872,4753.802999082415,,,,5.738436072988407e-07,4.3076690747767543e-07,3.708553295567185e-07,5.32966705600915e-12,
2024-08-17 16:59:42,-1764011.755057968,-1147869.0375059256,6548537.668369862,3786.5962751557604,6255.257715734668,2111.691235988113,,,,4.797658297306384e-07,1.316851259147711e-07,-7.524784173540411e-08,2.362225445930948e-12,
2024-08-17 17:05:42,-298968.5373992304,1134670.9763803063,6777083.671107399,4245.116546098036,6258.179476468811,-858.657693278506,,,,1.736832247467568e-07,1.7704883292779527e-07,-2.541153509838523e-07,1.966178183802157e-12,
2024-08-17 17:11:42,1212654.562811671,3240326.5434087636,5946394.883441815,4041.9143655064813,5285.373115371806,-3695.583378377051,,,,8.556241359869432e-08,3.4112372881978104e-07,-1.7594875956206124e-07,2.6633138253134615e-12,
2024-08-17 17:17:42,2535084.4535657484,4840501.107286667,4185668.9849838996,3207.689535806729,3486.6862454680227,-5957.043823746659,,,,-1.2266741400424053e-07,1.5814816034520618e-07,-1.1431285606988695e-07,7.969636991249145e-13,
2024-08-17 17:23:42,3461661.858106412,5684854.7969422415,1769641.2592260812,1871.802155593981,1141.9797596282374,-7287.434446472889,,,,-1.2700927598530143e-07,3.1614747619812533e-07,-8.305871945779586e-08,6.897249643444908e-13,
2024-08-17 17:29:42,3847582.6983439643,5641316.766995158,-923576.2371896702,244.1929253687661,-1380.1565363274503,-7476.516287359199,,,,-8.156025099737008e-08,4.3174679209556643e-07,-4.050113524556309e-07,2.289281190605959e-12,
2024-08-17 17:35:42,3633285.755187509,4717689.743170271,-3472466.0395898856,-1418.2694896460866,-3682.370757438726,-6497.083662186927,,,,-2.8704781129818e-07,1.4019767213824252e-07,-4.5308042828651196e-07,2.7008095311111742e-12,
2024-08-17 17:41:42,2853628.924921498,3059885.2504061502,-5479739.855995891,-2855.410653807209,-5405.582626599297,-4508.43819223094,,,,-3.848010172724514e-07,-2.94624087349149e-07,-5.427096994026215e-08,2.809533111071723e-12,
2024-08-17 17:47:42,1631250.7598603477,927284.1611664596,-6634759.556661795,-3846.1424032295104,-6286.491177942118,-1824.9831581719645,,,,-1.501746738075127e-07,-1.7714523381506808e-07,5.207963305053909e-08,1.5313100374156535e-12,
2024-08-17 17:53:42,156337.5853284198,-1348936.074870021,-6760005.791521972,-4240.480833547449,-6193.554211009505,1138.1999340524167,,,,-7.780696617554206e-08,-8.28048076773058e-08,4.306184280267189e-07,1.2789515721931726e-12,
2024-08-17 17:59:42,-1342728.6088424898,-3416375.056319944,-5836270.625961565,-3978.4122919555793,-5141.324208326281,3927.0665094074293,,,,1.3908531193429496e-07,-8.506748372383299e-08,1.0398989136461978e-07,2.7983374694815497e-13,
2024-08-17 18:05:42,-2633534.896801812,-4954077.394893869,-4005385.9010317023,-3098.0330638928212,-3288.232040111376,6111.601045464274,,,,7.929210310564372e-08,-1.8947681823533458e-07,1.0612066159154665e-07,9.78937371272296e-13,
2024-08-17 18:11:42,-3514778.243338042,-5721422.234868465,-1550209.4600160758,-1732.550957088326,-917.4247597566255,7348.56135431083,,,,3.021088890164947e-08,-2.2592440984681161e-07,3.753303363662752e-07,2.7703796391266878e-12,
2024-08-17 18:17:42,-3847962.5832656585,-5596672.825339539,1147179.1298104092,-93.570673377624,1602.0052382366675,7438.389291333079,,,,2.9498186115972658e-08,-1.3874954607473455e-07,6.311365046141049e-07,4.2447874363463555e-12,
2024-08-17 18:23:42,-3580235.274019376,-4597933.981060593,3664879.9634111915,1561.2660096023114,3873.1546452535877,6363.3592653110245,,,,3.511839032910302e-07,1.518214318707578e-07,1.3661650477558851e-08,1.1587117245272301e-12,
2024-08-17 18:29:42,-2753381.5746010263,-2881117.5227773236,5608711.424917842,2971.402283370237,5538.365707621451,4292.937846522604,,,,3.77063985812498e-07,2.89444777035186e-07,2.693904841422068e-07,3.69006551923328e-12,
2024-08-17 18:35:42,-1496911.450653686,-714722.8154450655,6675086.907617941,3916.6748092108014,6338.119312069842,1553.3715367461953,,,,4.0958858660289366e-07,2.771526458333895e-07,-5.6353053778934736e-08,3.117169113485298e-12,
2024-08-17 18:41:42,-7077.788269698387,1563105.8109102524,6698037.238635011,4250.960645323731,6149.50646893198,-1427.5375882910337,,,,7.847987721319727e-08,6.415614262067493e-09,-4.821388888132105e-07,1.0122593130065082e-12,
2024-08-17 18:47:42,1483835.0966423587,3597237.660443067,5674004.595232444,3922.482976230759,5001.850562766261,-4186.652672448966,,,,1.9579446286499547e-08,1.1037071789843367e-07,-2.0705146130950425e-07,1.4236383714141925e-12,
2024-08-17 18:53:42,2743198.8378452375,5070087.716919798,3762337.7124427073,2981.350939970036,3072.1645339649667,-6293.349662707226,,,,-1.5917723983349674e-07,9.903349962314678e-08,-9.80811449835528e-08,4.2491634235639805e-13,
2024-08-17 18:59:42,3574147.5413983567,5751138.086398433,1261533.7749536948,1573.9527592789977,661.3549734430833,-7415.785768031441,,,,-2.0958244828506167e-07,1.6830838234227485e-07,-1.9015127694643752e-07,1.1310384084096336e-12,
2024-08-17 19:05:42,3846919.0933774514,5534001.261529441,-1436895.2916225202,-78.16126256289041,-1851.0897006612747,-7376.824032756205,,,,-1.3989793057334055e-07,1.2410396976747506e-07,-5.685917010556096e-07,3.778291373436599e-12,
2024-08-17 19:11:42,3519795.3347441275,4453833.410493139,-3910796.564605985,-1714.422771617427,-4069.6153687446413,-6185.92691550516,,,,-3.0304102249800735e-07,-7.571858429145095e-08,-4.031407616622573e-07,3.1679328131077037e-12,
2024-08-17 19:17:42,2645275.985530655,2680954.707980926,-5775046.131122078,-3079.432380276575,-5649.418456840186,-4035.6499501767707,,,,-4.4236449792123267e-07,-3.057185806731866e-07,5.2686309537364195e-08,2.7547294918195315e-12,
2024-08-17 19:23:42,1360570.4691037517,492285.61759078316,-6741575.109194923,-3963.963449124394,-6350.238829894157,-1264.286326132686,,,,-3.5184617419581343e-07,-2.8596874079855894e-07,2.724066341386333e-07,2.750668641401646e-12,
2024-08-17 19:29:42,-134704.82813672023,-1772637.7800279695,-6661981.522857536,-4234.327132202929,-6067.850330349257,1700.7514715916654,,,,-1.67534693396032e-07,-2.3693256023804565e-07,5.725994629557363e-07,2.993972444807268e-12,
2024-08-17 19:35:42,-1609069.7500133575,-3763143.0093345814,-5548460.356637631,-3849.042479230536,-4845.051710895517,4405.122501398226,,,,1.551986166248298e-07,2.525236020289867e-09,2.982753786184844e-07,6.733808142094582e-13,
2024-08-17 19:41:42,-2833761.729117424,-5169872.177198937,-3572139.2103923014,-2864.808224119794,-2866.286193603248,6430.740952436197,,,,1.1630519747285462e-07,-1.6187950713231203e-07,1.9870639356156516e-07,1.3427483113707752e-12,
2024-08-17 19:47:42,-3617518.918853947,-5772256.373436895,-1038769.4091856459,-1431.306073201941,-435.0288851934509,7457.863503525763,,,,1.2001436289210687e-07,-2.6489640525539926e-07,5.217511040989109e-07,3.644948609857657e-12,
2024-08-17 19:53:42,-3836980.2956077373,-5474282.710162621,1656932.5166505852,228.55611269024783,2069.1041392439342,7319.731186174523,,,,1.4309627704989225e-07,-6.57551995075778e-08,7.622294848630418e-07,5.199420945515655e-12,
2024-08-17 19:59:42,-3457171.403769848,-4321350.244044794,4093120.569532472,1853.5146398391646,4251.275835003782,6035.233482712437,,,,5.200359769474971e-07,3.281374727492903e-07,3.3926548237417364e-07,4.182863295016908e-12,
2024-08-17 20:05:42,-2537504.2196996477,-2493623.2358261645,5888471.764350524,3187.9835396999356,5768.299540740378,3807.183638283489,,,,3.084759470084464e-07,1.8275477309259713e-07,1.0404452055468028e-07,2.314931057769009e-12,
2024-08-17 20:11:42,-1221958.4230935383,-276867.78242524015,6762772.039730004,4024.0056902124024,6384.353441636165,986.1332926779149,,,,3.2163224616965636e-07,5.63733887071205e-07,7.108920740961366e-08,4.728027344157013e-12,
2024-08-17 20:17:42,284080.08600606397,1983049.9751577615,6580013.982771482,4232.464364823161,6005.062355383476,-1988.1178801329434,,,,6.421102799469836e-08,-1.7966637955169062e-08,-5.260323590050575e-07,1.1540319960419386e-12,
2024-08-17 20:23:42,1745798.095721805,3933762.6459087003,5368588.259284544,3780.8815267480604,4688.887996294246,-4653.381366995145,,,,-2.439877566651205e-07,-1.8997170414536413e-07,-4.2926805132736945e-07,1.7968985658478197e-13,
2024-08-17 20:29:42,2935039.3950151824,5270547.435112281,3317112.411040394,2738.5122962941077,2639.1881777726953,-6592.951155113837,,,,-2.0539412037834381e-07,1.3538948540059437e-07,2.901670015376112e-09,-2.1313256144374495e-13,
2024-08-17 20:35:42,3665854.188929734,5784116.518627705,746132.4781542324,1267.9133366538392,176.3082528917265,-7500.823647194285,,,,-1.1879305539252982e-07,2.9243242494203514e-07,1.689480944033761e-08,-2.1613977805755656e-13,
2024-08-17 20:41:42,3824239.6568678683,5394466.33116298,-1941762.0119543788,-399.1026252760494,-2311.6486075295074,-7234.15534320276,,,,-1.7182459632891778e-07,-5.7811314846389905e-08,-3.929252421208673e-07,2.8961079457246543e-12,
2024-08-17 20:47:42,3386514.9003963927,4163919.7752448125,-4326320.450650831,-1999.818326395521,-4433.52342263932,-5839.067792440082,,,,-3.8179560402085144e-07,-4.773474033825664e-07,-2.3746508404087763e-07,4.073621169532041e-12,
2024-08-17 20:53:42,2422424.067209699,2286128.6763739116,-6036839.15889535,-3285.221180733224,-5860.891982898572,-3539.8019861638954,,,,-2.875369009558426e-07,-2.770903835269678e-07,2.604516975424076e-07,1.578119019646668e-12,
2024-08-17 20:59:42,1082882.0607486316,53928.23162751435,-6809372.503834714,-4058.942958861682,-6377.57526211597,-696.4060236175078,,,,-2.576019884070746e-07,-2.2084519141207792e-07,6.03640133434169e-07,1.952101073462608e-12,
2024-08-17 21:05:42,-424213.17164227297,-2186665.175598299,-6525401.4887679005,-4204.16051535288,-5907.0760185626605,2253.5808427439615,,,,8.30079103231185e-08,3.471118548148411e-08,2.669367642482712e-07,4.540223243591801e-14,
2024-08-17 21:11:42,-1865559.1308596742,-4088652.515513802,-5228464.832281269,-3698.0572534945745,-4520.31782991946,4857.913245337361,,,,-2.4831646960876697e-08,2.3330489717920955e-07,3.488191140377239e-07,6.987401807532609e-13,
2024-08-17 21:17:42,-3017303.482108939,-5356050.762181518,-3118100.0676838537,-2615.7618347025546,-2427.0172189918494,6712.652812686226,,,,-9.675218359816995e-08,-1.4441042139878846e-08,1.7536036889254092e-07,1.3958203996575452e-12,
2024-08-17 21:23:42,-3699330.033853662,-5789707.438699768,-521257.0573626398,-1122.6424912842149,50.65436208861856,7523.6882694222395,,,,-6.158386423038564e-08,-4.867722314116918e-08,4.6585177937430444e-07,3.3934707054049945e-12,
2024-08-17 21:29:42,-3804137.2806572253,-5320003.079145232,2157010.807103749,548.3457107394145,2524.706850077249,7158.282703836696,,,,5.600576891140463e-08,2.2015896039562222e-07,5.749396105869664e-07,4.463375486222463e-12,
2024-08-17 21:35:42,-3314817.431719433,-4019441.333622043,4497467.626589183,2134.016726196219,4604.919096327545,5671.994623546854,,,,2.1822875950761045e-07,3.640240358038227e-07,6.584171954315821e-07,5.585294478825943e-12,
2024-08-17 21:41:42,-2307993.073820257,-2091378.2493346308,6133958.255552186,3385.325269583183,5964.777097863561,3299.6396125430874,,,,2.464111612532349e-07,6.802586383081177e-07,-1.0608421430191584e-07,4.320459081222105e-12,
2024-08-17 21:47:42,-941190.2668407644,162873.8987808925,6811271.698627233,4107.722706410252,6393.523290263485,413.71890115219503,,,,3.194598545697147e-07,2.6900487112846427e-07,-2.797575611168668e-07,2.7782061961865334e-12,
2024-08-17 21:53:42,572313.9226564546,2391743.1035754737,6424080.860488099,4189.675143464687,5825.651353478641,-2536.5134413760616,,,,6.187846590677282e-08,-5.277136505554836e-08,-4.586127317907085e-07,1.0640109493246118e-12,
2024-08-17 21:59:42,1996540.701473617,4247664.4096063,5032542.235553794,3618.090134454389,4348.573781425936,-5092.368194230634,,,,-9.248572174769265e-08,-2.0931510835708877e-07,-2.4433433143400407e-07,2.5422720405965404e-15,
2024-08-17 22:05:42,3109101.055431333,5440597.3596973345,2853428.6425414393,2480.923458855566,2190.906611211027,-6853.575547374785,,,,5.144036263615703e-08,-1.663773563365112e-08,1.2018915107603334e-07,-6.960639502184519e-13,
2024-08-17 22:11:42,3736017.223240972,5783757.194618268,227406.3071184389,955.9969137611191,-309.49533316164417,-7541.924297843853,,,,1.6232990951436932e-07,3.81350595546337e-08,-3.4267175313962284e-07,2.5890334608770913e-12,
2024-08-17 22:17:42,3779671.0379716186,5223980.321895434,-2434311.9835985154,-716.0635879070403,-2758.4060233662685,-7049.743993969666,,,,-1.584752116201571e-07,-1.7045826172790157e-07,-3.8746515418353056e-07,3.155558656427803e-12,
2024-08-17 22:23:42,3234453.577724119,3850287.6311293263,-4715915.088903503,-2272.1976219806565,-4771.659710171131,-5459.279508360494,,,,-2.979628352939301e-07,-4.3467760058035765e-07,-1.0092612523493472e-07,3.1551745082128157e-12,
2024-08-17 22:29:42,2186787.552516748,1878405.8514240044,-6263175.038272143,-3471.1737445249105,-6038.803803721604,-3024.5833954241266,,,,-2.6743410730389883e-07,-3.1053119942114904e-07,4.1096451575128867e-07,1.4963322922843107e-12,
2024-08-17 22:35:42,800321.2368181868,-384588.5600938179,-6837612.880622491,-4130.357574464673,-6368.58901995855,-125.39612935581013,,,,-1.4873285636429756e-07,-2.058501155643988e-07,6.844704376618438e-07,1.7655864805696148e-12,
2024-08-17 22:41:42,-709961.3196579657,-2588091.8648425364,-6351159.075776905,-4150.193449661427,-5712.6134633799775,2792.9017335532644,,,,8.584114874476967e-08,1.0975109754340906e-07,5.495261037324894e-07,5.281993733613008e-13,
2024-08-17 22:47:42,-2110202.464199274,-4390666.8496297235,-4878414.050733282,-3526.537214277552,-4169.540761856692,5282.4474655829445,,,,-4.0535104606220784e-08,6.404806995874424e-08,2.0926567056989143e-07,9.371891634468192e-13,
2024-08-17 22:53:42,-3182677.077608169,-5511362.55216812,-2646241.769097304,-2352.5773305866614,-1973.4033221720754,6955.683487427863,,,,-2.596962378476064e-07,-1.231923008049307e-07,2.939570600268837e-07,2.7603116169518183e-12,
2024-08-17 22:59:42,-3759392.899303886,-5773636.673608281,-975.1621915788819,-808.5206978094325,536.5164558043227,7545.893745139004,,,,-1.928732684675083e-07,-2.9269505041895627e-08,5.447876583106453e-07,4.0384636831766665e-12,
2024-08-17 23:05:42,-3749312.7131491024,-5134735.563521573,2644334.456018802,863.9410981001461,2966.2458056855594,6955.354883973345,,,,7.555897418853874e-08,4.833254214631211e-07,4.047324573264177e-07,4.092761176178763e-12,
2024-08-17 23:11:42,-3153661.00571388,-3693864.407031712,4875506.120177681,2401.2953285389985,4932.514324061447,5275.9303156519645,,,,3.055301629473206e-07,6.186290102405678e-07,4.0849938365283833e-07,5.644699864310421e-12,
2024-08-17 23:17:42,-2065766.8918803125,-1676401.9916144349,6343662.836654442,3562.521861575601,6127.3570034440145,2772.9581376399856,,,,2.570464432416486e-07,4.628677863216524e-07,-3.5369202322499405e-07,2.6354852513226955e-12,
2024-08-17 23:23:42,-655746.2400828683,602500.5311741825,6820016.283655613,4167.5045209187065,6366.116091902668,-161.34964499367254,,,,2.2253288456397513e-07,2.0178604942522327e-07,-5.595890986143104e-07,2.193649932684695e-12,
2024-08-17 23:29:42,856470.5765677674,2787495.4500371427,6230512.774403673,4122.818660961665,5612.478219990719,-3070.604839877894,,,,2.9309471738514503e-08,-1.7096990845288929e-07,-4.805286639708584e-07,6.092708903434127e-13,
2024-08-17 23:35:42,2235079.65220645,4537770.734209457,4666803.345665142,3434.824014127341,3982.5281611306573,-5502.067234100146,,,,-1.3220228467503148e-08,-2.727900278998163e-07,-2.6848361667219933e-07,3.319020549815725e-13,
2024-08-17 23:41:42,3264751.700256111,5579687.628675665,2372667.908118929,2209.8089869588493,1729.118546710697,-7074.324081638902,,,,-1.5023378541201282e-08,-1.2583708652869063e-07,-1.7668338792020677e-07,9.502672454643556e-13,
2024-08-17 23:47:42,3784507.3821131373,5750167.5553301675,-293064.7612895864,639.752994703073,-794.1874387841042,-7538.9003426227855,,,,1.4837498163444707e-07,5.4362176982181154e-08,-1.5870395403405624e-07,1.1844600383256446e-12,
2024-08-17 23:53:42,3713661.153657612,5023310.25768349,-2913062.584291362,-1027.4556383035413,-3189.6538764782917,-6824.290657975105,,,,-4.8615804715268496e-08,-2.5654785495987653e-07,-2.7643261990561996e-07,2.6241440229390723e-12,
2024-08-17 23:59:42,3064598.462794455,3514266.478437854,-5078472.749731452,-2530.1863132127514,-5082.578843091348,-5047.94082056457,,,,-2.275554238373445e-07,-3.5682267451875305e-07,1.0126193217274704e-08,2.2360521503398916e-12,
2024-08-18 00:05:42,1939786.220290688,1459577.3290234613,-6453581.592031601,-3636.2867467534497,-6182.091147299278,-2492.1416774299896,,,,-2.962997025512948e-07,-3.24554047859138e-07,3.9890556724486714e-07,2.004338293020255e-12,
2024-08-18 00:11:42,514580.0050051753,-821217.1196760945,-6826720.37832648,-4177.7367769983775,-6322.992259429089,445.98456081569094,,,,-6.28766947396997e-08,-1.4935648939840007e-08,6.280570890027093e-07,6.114579676034287e-13,
2024-08-18 00:17:42,-990209.059396575,-2974935.1401976747,-6140704.546443205,-4072.635153797185,-5485.126483269376,3315.829397305742,,,,-8.355830916073614e-09,2.0779047416041863e-07,4.285557579919441e-07,3.013946859612783e-13,
2024-08-18 00:23:42,-2341478.357738752,-4667630.433305121,-4500748.196668829,-3335.4669623890177,-3794.3984365929027,5676.223744530722,,,,-1.7840797106316586e-07,1.3543403820648336e-07,1.8780249355643264e-07,1.0948181073536493e-12,
2024-08-18 00:29:42,-3328849.128060956,-5635021.072087277,-2159767.221052882,-2077.00475531779,-1507.9919601435415,7158.192808437772,,,,-2.3103221646891825e-07,9.832588077074433e-10,3.0830782815627344e-07,2.5549271995005763e-12,
2024-08-18 00:35:42,-3797426.0699538146,-5724267.607730791,518520.11056651315,-491.2853866049433,1019.5704586007929,7524.223945300503,,,,-1.1411922073989444e-07,1.584691382561232e-07,4.64157658530695e-07,3.5220532076228508e-12,
2024-08-18 00:41:42,-3673093.693099709,-4919790.356351604,3115546.401140811,1172.9703176236467,3390.7688359962717,6712.327827196239,,,,-6.944051289536901e-08,3.792983882533463e-07,5.902681836644774e-07,4.9056827896766435e-12,
2024-08-18 00:47:42,-2975065.800545459,-3346895.3795941146,5224649.590332686,2653.466098246644,5231.740955076628,4849.870256350818,,,,2.659444140462597e-07,6.314648786087673e-07,2.5039602302712183e-07,4.964617593037359e-12,
2024-08-18 00:53:42,-1812731.474027733,-1251624.4817455406,6516201.625424621,3718.478963271724,6254.756842370568,2230.8854896500616,,,,3.537113677509751e-07,5.212505251872557e-07,-1.0593815868986667e-07,4.130875598677691e-12,
2024-08-18 00:59:42,-367766.2005513103,1038833.3003456978,6789065.855974571,4203.154071121387,6302.085001346049,-734.8884933297962,,,,1.9792903327431333e-07,1.1909109853824873e-07,-4.3079925227118565e-07,1.8098393100641535e-12,
2024-08-18 01:05:42,1134505.6099456537,3167356.6859705644,6000858.708307826,4032.6248531347715,5366.856051785835,-3586.422291351547,,,,-1.74731402680095e-08,-2.6547057041526045e-07,-3.4498349865685896e-07,-2.4241109149365394e-13,
2024-08-18 01:11:42,2459791.5098692058,4801826.731269129,4274194.606549939,3232.660659371032,3593.2411036486665,-5879.506587126744,,,,4.665323878327854e-07,6.210734468936607e-07,4.587175723713699e-07,9.815033385824003e-13,
2024-08-18 01:17:42,3401026.606477692,5686599.110472074,1878453.2687964072,1927.2011968716156,1257.0154262464134,-7253.770499687232,,,,2.856314775812052e-07,-7.781247823857029e-08,-8.565857978481972e-08,1.018978178783165e-12,
2024-08-18 01:23:42,3811138.309566599,5683301.859066759,-811468.5531181655,321.3964990587176,-1274.608550026451,-7492.144763144817,,,,1.6711214723130752e-07,-4.7179760542803706e-08,-2.1890406343150204e-07,1.6660460139681576e-12,
2024-08-18 01:29:42,3626761.1825873484,4793425.654513159,-3374615.293467581,-1331.4769618447965,-3602.9044355781634,-6559.595732676694,,,,2.123478992643868e-08,-2.670430223616904e-07,-2.1532255090050967e-07,2.2366024169308682e-12,
2024-08-18 01:35:42,2878034.8185627195,3157588.1675555524,-5411441.02723746,-2772.6315526279122,-5364.608289928178,-4607.897139561662,,,,-1.2093735435314557e-07,-3.6357130372977053e-07,-6.279200803760432e-08,2.463880929842245e-12,
2024-08-18 01:41:42,1682783.5812261559,1031776.1797850276,-6606630.181923282,-3780.1735221498293,-6290.2039641119845,-1945.7488606023635,,,,-2.5961999217116727e-07,-2.4970067480367675e-07,3.6549188209278327e-07,1.7662535620935541e-12,
2024-08-18 01:47:42,227027.74867755582,-1253816.70902567,-6776419.368871582,-4201.408952430202,-6241.240494301288,1014.6874190332585,,,,-1.3765089040829181e-07,-1.4401595915813914e-08,3.8964207327296663e-07,1.0204882470783755e-12,
2024-08-18 01:53:42,-1263806.1346750543,-3345355.7354225507,-5894778.2635533875,-3972.3789466128665,-5225.81184106312,3819.7987971100843,,,,-1.5828628163738756e-07,1.7534671936658697e-07,2.094354325521408e-07,4.902614172403446e-13,
2024-08-18 01:59:42,-2558636.9540398866,-4918230.832454674,-4097002.878573873,-3126.1575095060916,-3396.5979264565026,6037.394670680148,,,,-2.813330350903698e-07,1.8490327846620858e-07,9.002548573278091e-08,7.581355667078026e-13,
2024-08-18 02:05:42,-3455589.6297452003,-5726393.916676877,-1660713.8656045317,-1790.5496154438388,-1032.8133966112864,7319.276420770102,,,,-3.9579771105024975e-07,8.337564505467299e-08,1.7120621143007497e-07,1.7841315738771248e-12,
2024-08-18 02:11:42,-3813726.767108743,-5641712.894998845,1035047.6114332194,-172.35908648992287,1497.7613347458237,7458.762866653025,,,,-4.592083842069883e-07,6.378178607491236e-08,4.3750621459004435e-07,3.2659797294331473e-12,
2024-08-18 02:17:42,-3576281.896695326,-4675980.696980648,3568659.1768557117,1474.0537810650214,3796.467637098762,6430.190632658292,,,,-1.5422919474872288e-07,5.063205543720528e-07,5.859821206044558e-07,5.18766622943664e-12,
2024-08-18 02:23:42,-2780291.3664528006,-2979929.0551955057,5543424.564906525,2889.418141311184,5501.205376315671,4395.6726890821765,,,,-2.0506319575730458e-07,-1.943439875695674e-07,-3.5077341564715425e-07,-3.0477466123570083e-12,
